quantidade cobranças,cobrada a cada X dias,data início,status,data status,data cancelamento,valor,próximo ciclo,ID assinante
1,365,2/1/22 7:52,Ativa,2/13/22 6:33,,"4750,35",14/02/2023,user_10
1,30,5/8/22 23:17,Cancelada,6/14/22 9:36,6/14/22 9:36,"367,6",6/8/2022,user_100
1,30,2/6/22 17:48,Cancelada,3/15/22 9:44,3/15/22 9:44,"131,4",3/9/2022,user_1001
1,365,10/11/22 12:14,Ativa,10/11/22 12:14,,"5437,39",11/10/2023,user_1004
2,30,10/16/23 21:36,Ativa,11/16/23 9:55,,"481,2",12/17/2024,user_1006
1,365,2/2/22 11:18,Ativa,2/2/22 11:18,,"5773,13",03/02/2023,user_101
2,30,10/11/22 14:38,Ativa,11/11/22 9:45,,"473,91",12/12/2022,user_1019
1,365,2/2/22 12:26,Ativa,2/2/22 12:28,,"1492,52",03/02/2023,user_102
2,30,10/11/22 17:19,Ativa,11/11/22 9:34,,"395,88",12/12/2022,user_1021
4,30,6/29/22 14:55,Cancelada,10/31/22 10:36,10/31/22 10:36,"196,16",10/31/2022,user_1023
1,30,11/11/22 20:58,Ativa,11/11/22 20:58,,"341,86",12/12/2022,user_1025
1,365,1/12/22 8:07,Ativa,1/15/22 7:12,,"1659,9",13/01/2023,user_1028
11,30,12/1/23 9:17,Ativa,11/18/23 9:32,,"12,29",12/19/2024,user_1032
1,365,1/12/22 13:55,Ativa,1/12/22 13:57,,"3803,92",13/01/2023,user_1033
11,30,12/1/23 14:41,Ativa,11/19/23 9:53,,"134,35",12/20/2024,user_1035
1,365,1/12/22 15:52,Ativa,1/12/22 15:52,,"621,47",13/01/2023,user_1045
1,365,1/12/22 16:06,Ativa,1/12/22 16:07,,"4792,14",13/01/2023,user_1049
0,30,11/13/22 13:32,Trial cancelado,11/28/22 11:20,11/28/22 11:20,"286,13",02/01/2023,user_105
1,365,1/12/22 21:16,Ativa,1/12/22 21:16,,"1794,92",13/01/2023,user_1051
11,30,12/1/23 23:20,Ativa,11/18/23 9:43,,"243,14",12/19/2024,user_1053
10,30,12/2/23 16:12,Ativa,11/18/23 10:02,,"194,77",12/19/2024,user_1057
10,30,12/2/23 16:21,Ativa,11/18/23 10:01,,"211,53",12/19/2024,user_1064
2,30,9/2/22 11:59,Cancelada,11/9/22 10:21,11/9/22 10:21,"99,5",11/3/2022,user_1065
2,30,8/2/22 14:08,Cancelada,10/9/22 10:09,10/9/22 10:09,"183,74",10/3/2022,user_1066
1,365,2/12/22 21:56,Ativa,2/12/22 21:56,,"3897,21",13/02/2023,user_1068
1,30,1/9/22 15:40,Cancelada,1/24/22 15:09,1/24/22 15:09,"463,99",2/9/2022,user_1069
1,360,3/12/22 9:11,Ativa,3/19/22 22:42,,"2217,14",12/03/2023,user_1074
1,365,3/12/22 16:40,Ativa,3/12/22 16:41,,"2279,36",12/03/2023,user_1075
6,30,6/12/22 6:13,Ativa,11/14/22 9:35,,"471,09",12/15/2022,user_1082
2,30,2/2/22 14:54,Cancelada,4/11/22 9:56,4/11/22 9:56,"326,5",4/5/2022,user_1084
1,365,6/12/22 13:32,Ativa,6/12/22 13:32,,"591,66",12/06/2023,user_1086
1,30,3/5/22 14:53,Cancelada,4/11/22 9:47,4/11/22 9:47,"423,2",4/5/2022,user_109
3,30,3/5/22 17:04,Cancelada,5/31/22 19:06,5/31/22 19:06,"74,19",6/5/2022,user_1093
1,365,2/2/22 14:21,Ativa,2/2/22 14:22,,"4196,88",03/02/2023,user_110
6,30,6/12/22 21:43,Ativa,11/14/22 10:02,,"58,28",12/15/2022,user_1108
1,30,1/9/22 18:58,Cancelada,1/12/22 16:09,1/12/22 16:09,"139,06",2/9/2022,user_1115
1,365,3/14/22 16:42,Ativa,3/14/22 16:42,,"3072,48",14/03/2023,user_1120
1,365,11/30/22 20:45,Ativa,11/30/22 20:45,,"3415,72",30/11/2023,user_1120
4,30,8/12/22 20:50,Ativa,11/13/22 10:19,,"458,17",12/14/2022,user_1131
1,30,1/8/22 14:47,Cancelada,1/12/22 13:41,1/12/22 13:41,"286,8",2/8/2022,user_1135
3,30,9/12/22 14:59,Ativa,11/13/22 9:36,,"443,85",12/14/2022,user_1139
2,30,10/12/22 17:26,Ativa,11/12/22 9:59,,"374,01",12/13/2022,user_1146
1,365,5/4/22 15:48,Cancelada,5/8/22 16:48,5/8/22 16:48,"4761,4",04/05/2023,user_1147
1,365,2/2/22 14:46,Ativa,2/2/22 14:46,,"3487,64",03/02/2023,user_115
1,30,1/6/22 17:59,Cancelada,1/13/22 17:22,1/13/22 17:22,"51,16",2/6/2022,user_1153
1,365,1/13/22 9:53,Ativa,1/13/22 9:53,,"1983,58",14/01/2023,user_1157
1,30,2/5/22 0:11,Cancelada,2/5/22 22:27,2/5/22 22:27,"165,63",3/8/2022,user_1159
1,30,5/10/22 11:56,Cancelada,6/16/22 9:31,6/16/22 9:31,"191,38",6/10/2022,user_1163
1,365,1/13/22 9:57,Ativa,1/13/22 9:57,,"148,61",14/01/2023,user_1164
1,365,1/13/22 10:02,Ativa,8/18/22 17:03,,"5976,43",14/01/2023,user_1168
1,365,1/13/23 10:17,Ativa,1/19/23 11:32,,"601,4",20/01/2024,user_1169
1,365,1/13/22 11:20,Ativa,1/13/22 16:42,,"5202,69",14/01/2023,user_1170
1,30,4/5/22 13:46,Cancelada,5/12/22 9:39,5/12/22 9:39,"83,72",5/6/2022,user_1183
1,365,1/13/22 12:43,Ativa,1/13/22 12:43,,"5298,47",14/01/2023,user_1186
1,365,1/13/22 13:11,Ativa,1/13/22 13:11,,"5965,4",14/01/2023,user_1189
1,365,1/13/22 15:00,Ativa,1/13/22 15:00,,"222,78",14/01/2023,user_1191
1,30,6/7/22 9:12,Cancelada,6/7/22 19:21,6/7/22 19:21,"7,13",7/8/2022,user_1192
1,365,1/13/22 19:19,Ativa,1/13/22 19:19,,"5196,81",14/01/2023,user_1195
11,30,1/13/23 19:35,Ativa,11/19/23 11:02,,"456,64",12/20/2024,user_1199
1,365,2/13/22 11:35,Ativa,2/13/22 11:35,,"1830,28",14/02/2023,user_1200
1,365,2/13/22 12:24,Ativa,2/13/22 12:24,,"5894,67",14/02/2023,user_1202
1,30,4/3/22 17:10,Cancelada,5/5/22 14:35,5/5/22 14:35,"200,22",5/4/2022,user_1203
1,360,2/13/22 13:15,Ativa,2/21/22 1:25,,"1548,36",13/02/2023,user_1210
1,365,2/13/22 13:58,Ativa,2/13/22 13:58,,"1013,56",14/02/2023,user_1214
1,30,2/3/22 21:36,Cancelada,4/3/22 15:47,4/3/22 15:47,"211,93",4/7/2022,user_122
2,30,1/3/22 14:04,Cancelada,2/27/22 6:48,2/27/22 6:48,"405,15",3/6/2022,user_1220
1,365,2/13/22 15:39,Ativa,2/13/22 15:51,,"2227,72",14/02/2023,user_1224
2,30,6/6/22 14:49,Cancelada,8/7/22 10:30,8/7/22 10:30,"274,13",8/7/2022,user_1229
1,30,1/5/22 22:35,Cancelada,2/3/22 9:05,2/3/22 9:05,"303,2",2/5/2022,user_123
2,365,2/13/23 23:09,Ativa,3/21/23 9:09,,"4437,8",21/03/2024,user_1231
1,365,3/13/22 11:04,Ativa,3/13/22 11:04,,"5741,22",13/03/2023,user_1232
1,365,3/13/22 14:17,Ativa,3/13/22 14:17,,"5664,19",13/03/2023,user_1237
6,30,4/6/22 13:39,Cancelada,9/6/22 10:19,9/6/22 10:19,"18,35",10/6/2022,user_1238
1,365,3/13/22 15:20,Ativa,3/13/22 15:24,,"1319,16",13/03/2023,user_1243
1,365,3/13/22 15:20,Ativa,3/13/22 15:20,,"1645,77",13/03/2023,user_1244
9,30,3/13/23 21:19,Ativa,11/16/23 10:29,,"350,92",12/17/2024,user_1245
1,365,4/13/22 8:23,Ativa,4/13/22 8:23,,"5239,92",13/04/2023,user_1247
1,365,4/13/22 21:50,Ativa,4/13/22 21:54,,"2666,87",13/04/2023,user_1248
1,365,2/2/22 20:58,Ativa,2/2/22 20:58,,"1809,45",03/02/2023,user_125
2,30,2/2/22 11:43,Cancelada,3/24/22 11:38,3/24/22 11:38,"50,55",4/5/2022,user_1253
1,30,9/7/22 14:41,Cancelada,10/14/22 10:49,10/14/22 10:49,"268,59",10/8/2022,user_1258
1,360,6/13/22 17:27,Ativa,6/21/22 2:24,,"3720,76",13/06/2023,user_1260
3,30,9/13/22 10:33,Ativa,11/14/22 10:24,,"243,57",12/15/2022,user_1266
3,30,9/13/22 19:31,Ativa,11/14/22 10:20,,"456,08",12/15/2022,user_1268
1,365,2/2/22 23:13,Ativa,2/2/22 23:14,,"1740,47",03/02/2023,user_127
2,30,2/5/22 13:02,Cancelada,4/14/22 9:40,4/14/22 9:40,"30,04",4/8/2022,user_1275
2,30,10/13/22 15:21,Ativa,11/13/22 10:05,,"50,93",12/14/2022,user_1280
2,30,10/13/22 16:43,Ativa,11/13/22 10:19,,"375,27",12/14/2022,user_1285
1,30,11/13/22 9:56,Ativa,11/13/22 9:57,,"266,99",12/14/2022,user_1287
1,30,11/13/22 19:00,Ativa,11/13/22 19:00,,"442,38",12/14/2022,user_1297
3,30,2/3/22 15:45,Cancelada,5/13/22 9:44,5/13/22 9:44,"417,82",5/7/2022,user_1309
1,365,2/4/22 9:23,Cancelada,2/9/22 15:16,2/9/22 15:16,"1789,69",05/02/2023,user_131
1,360,1/14/22 0:02,Ativa,1/21/22 22:04,,"3159,5",14/01/2023,user_1315
1,365,1/14/22 7:31,Ativa,1/14/22 7:31,,"3227,67",15/01/2023,user_1316
1,365,1/14/22 8:39,Ativa,1/14/22 8:39,,"5625,98",15/01/2023,user_1317
1,365,2/4/22 12:53,Ativa,2/4/22 12:53,,"5412,79",05/02/2023,user_1318
5,30,4/1/22 10:47,Cancelada,9/3/22 10:30,9/3/22 10:30,"284,98",9/3/2022,user_132
2,30,5/5/22 9:09,Cancelada,7/6/22 10:30,7/6/22 10:30,"384,52",7/6/2022,user_1321
11,30,1/14/23 9:23,Ativa,11/20/23 10:13,,"98,23",12/21/2024,user_1323
1,30,2/2/22 16:03,Cancelada,2/23/22 11:21,2/23/22 11:21,"221,44",3/5/2022,user_1327
1,365,3/14/22 13:33,Ativa,3/14/22 13:36,,"1928,84",14/03/2023,user_1329
1,365,3/14/22 15:05,Ativa,3/14/22 15:05,,"1748,33",14/03/2023,user_1335
9,30,3/14/22 15:32,Ativa,11/22/22 1:25,,"401,03",12/14/2022,user_1341
5,30,5/29/22 12:15,Cancelada,11/6/22 10:14,11/6/22 10:14,"113,87",10/31/2022,user_1342
1,365,3/2/22 9:35,Ativa,3/2/22 9:35,,"3919,2",02/03/2023,user_135
1,365,3/14/22 22:59,Ativa,4/12/22 21:44,,"2680,76",14/03/2023,user_1350
1,365,4/14/22 9:18,Ativa,4/14/22 9:19,,"5021,94",14/04/2023,user_1351
1,365,11/30/22 23:58,Ativa,11/30/22 23:58,,"1330,94",30/11/2023,user_1352
1,365,4/14/22 14:14,Ativa,4/14/22 14:15,,"5577,71",14/04/2023,user_1354
1,365,2/9/22 17:44,Ativa,2/9/22 17:44,,"273,06",10/02/2023,user_1355
1,365,3/28/23 13:45,Ativa,3/28/23 13:45,,"3305,96",28/03/2024,user_1355
2,30,1/5/22 11:41,Cancelada,3/14/22 9:32,3/14/22 9:32,"98,99",3/8/2022,user_1358
6,30,6/14/23 11:41,Ativa,11/16/23 10:11,,"202,39",12/17/2024,user_1359
1,365,3/2/22 9:38,Ativa,8/31/22 17:08,,"3912,62",02/03/2023,user_136
5,30,7/14/22 8:41,Ativa,11/15/22 9:47,,"300,64",12/16/2022,user_1360
4,30,8/14/22 6:07,Ativa,11/15/22 9:40,,"394,93",12/16/2022,user_1364
1,30,1/5/22 11:17,Cancelada,2/11/22 9:33,2/11/22 9:33,"440,5",2/5/2022,user_1368
1,30,1/6/22 18:17,Cancelada,2/12/22 9:45,2/12/22 9:45,"277,97",2/6/2022,user_1369
4,30,8/14/22 12:59,Ativa,11/15/22 10:23,,"385,27",12/16/2022,user_1371
3,30,9/14/22 12:11,Ativa,11/15/22 16:50,,"75,17",12/16/2022,user_1373
3,30,9/14/22 14:28,Ativa,11/17/22 11:25,,"461,58",12/16/2022,user_1376
5,30,2/2/22 12:29,Cancelada,7/7/22 10:30,7/7/22 10:30,"36,91",7/7/2022,user_1380
4,30,7/4/22 9:31,Cancelada,11/11/22 9:49,11/11/22 9:49,"245,48",11/5/2022,user_1381
3,30,9/14/22 15:41,Ativa,11/15/22 9:42,,"358,78",12/16/2022,user_1382
4,30,1/3/22 15:49,Cancelada,5/13/22 9:53,5/13/22 9:53,"399,93",5/7/2022,user_1384
1,30,2/2/22 14:14,Cancelada,3/6/22 9:14,3/6/22 9:14,"69,22",3/5/2022,user_1387
1,365,3/2/22 21:27,Ativa,3/2/22 21:29,,"2205,37",02/03/2023,user_139
3,30,9/14/22 18:25,Ativa,11/15/22 9:46,,"293,14",12/16/2022,user_1392
5,30,7/12/22 21:33,Ativa,11/13/22 9:52,,"174,33",12/14/2022,user_1393
3,30,3/4/22 10:42,Cancelada,6/11/22 9:34,6/11/22 9:34,"63,75",6/5/2022,user_1398
5,30,7/12/22 10:43,Ativa,11/13/22 10:04,,"459,87",12/14/2022,user_1402
1,30,11/14/22 16:57,Ativa,11/14/22 16:57,,"295,46",12/15/2022,user_1414
1,30,11/14/22 17:43,Ativa,11/14/22 17:43,,"158,82",12/15/2022,user_1416
1,365,11/14/22 21:53,Ativa,11/14/22 21:53,,"1973,72",14/11/2023,user_1417
1,30,6/7/22 17:56,Cancelada,7/14/22 9:38,7/14/22 9:38,"370,12",7/8/2022,user_1420
1,30,1/4/22 13:07,Cancelada,1/29/22 0:27,1/29/22 0:27,"384,89",2/4/2022,user_1422
1,365,2/15/22 9:40,Ativa,2/15/22 9:41,,"205,6",16/02/2023,user_1428
1,365,2/15/22 13:06,Ativa,2/15/22 13:06,,"4491,64",16/02/2023,user_1436
9,30,3/15/23 10:10,Ativa,11/18/23 9:48,,"356,86",12/19/2024,user_1438
1,365,3/15/22 11:56,Ativa,3/15/22 11:56,,"1831,6",15/03/2023,user_1443
1,365,3/15/22 13:02,Ativa,3/15/22 13:02,,"1193,35",15/03/2023,user_1446
9,30,3/15/23 16:53,Ativa,11/18/23 10:12,,"328,42",12/19/2024,user_1447
1,360,4/15/22 4:39,Ativa,4/22/22 22:24,,"638,97",15/04/2023,user_1448
1,30,1/6/22 14:50,Cancelada,2/12/22 9:34,2/12/22 9:34,"342,25",2/6/2022,user_1451
1,30,5/7/22 22:35,Cancelada,6/13/22 9:44,6/13/22 9:44,"294,86",6/7/2022,user_1455
8,30,2/1/22 23:09,Cancelada,10/7/22 10:35,10/7/22 10:35,"440,78",10/7/2022,user_1456
3,30,6/5/22 17:01,Cancelada,9/14/22 9:42,9/14/22 9:42,"464,53",9/6/2022,user_1457
1,30,1/5/22 10:31,Cancelada,1/7/22 1:21,1/6/22 18:06,"366,07",2/5/2022,user_1462
1,30,7/5/22 7:43,Cancelada,8/11/22 9:30,8/11/22 9:30,"153,77",8/5/2022,user_1468
1,360,6/15/22 21:50,Ativa,6/23/22 4:04,,"256,58",16/06/2023,user_1470
1,30,1/7/22 17:56,Cancelada,2/13/22 9:40,2/13/22 9:40,"259,99",2/7/2022,user_1476
1,365,8/15/22 5:42,Ativa,8/15/22 5:42,,"4798,98",15/08/2023,user_1477
1,30,4/3/22 11:23,Cancelada,4/10/22 16:15,4/10/22 16:15,"480,26",5/4/2022,user_1478
4,30,1/3/22 20:04,Cancelada,4/12/22 11:52,4/12/22 11:52,"74,72",5/7/2022,user_148
1,365,8/15/22 12:01,Ativa,8/15/22 12:01,,"1185,11",15/08/2023,user_1484
2,30,6/9/22 12:03,Cancelada,8/16/22 10:20,8/16/22 10:20,"235,16",8/10/2022,user_1487
4,30,8/15/23 14:35,Ativa,11/16/23 10:18,,"479,85",12/17/2024,user_1488
1,30,1/9/22 14:53,Cancelada,1/14/22 17:38,1/14/22 17:38,"228,11",2/9/2022,user_1493
1,365,8/15/22 15:43,Ativa,8/15/22 15:43,,"4626,46",15/08/2023,user_1501
1,365,8/15/22 16:40,Ativa,8/26/22 14:26,,"5556,16",15/08/2023,user_1504
1,365,8/15/22 18:24,Ativa,8/15/22 18:24,,"265,51",15/08/2023,user_1508
1,365,3/2/22 23:39,Ativa,3/2/22 23:40,,"3693,36",02/03/2023,user_151
1,30,10/5/22 15:16,Cancelada,11/11/22 9:32,11/11/22 9:32,"414,24",11/5/2022,user_1511
1,30,2/6/22 15:19,Cancelada,2/24/22 20:23,2/24/22 20:23,"426,34",3/9/2022,user_1512
2,30,10/13/23 11:14,Ativa,11/16/23 15:18,,"401,49",12/17/2024,user_1516
2,30,2/1/22 11:04,Cancelada,4/10/22 9:53,4/10/22 9:53,"491,46",4/4/2022,user_1519
2,30,1/2/22 20:39,Cancelada,3/11/22 9:40,3/11/22 9:40,"54,78",3/5/2022,user_1525
1,365,9/15/22 8:22,Ativa,9/15/22 8:22,,"4370,84",15/09/2023,user_1528
1,365,9/15/22 8:55,Ativa,9/15/22 8:55,,"1387,53",15/09/2023,user_1536
8,30,4/9/22 11:08,Ativa,11/12/22 9:41,,"472,72",12/13/2022,user_1537
1,30,1/4/22 23:49,Cancelada,2/10/22 9:44,2/10/22 9:44,"147,09",2/4/2022,user_1538
3,30,7/7/22 21:55,Cancelada,10/14/22 9:36,10/14/22 9:36,"1,85",10/8/2022,user_1540
3,30,9/15/23 12:28,Ativa,11/16/23 10:12,,"102,07",12/17/2024,user_1543
1,365,5/21/23 8:45,Ativa,5/21/23 8:57,,"4785,16",21/05/2024,user_1544
3,30,9/15/23 13:11,Ativa,11/16/23 9:38,,"103,23",12/17/2024,user_1545
1,30,11/15/22 12:47,Ativa,11/15/22 12:47,,"108,64",12/16/2022,user_1549
1,30,1/9/22 16:20,Cancelada,2/15/22 9:51,2/15/22 9:51,"143,16",2/9/2022,user_1552
1,365,8/10/22 20:08,Cancelada,8/18/22 20:00,8/18/22 20:00,"1036,18",10/08/2023,user_1554
1,30,11/15/22 13:27,Ativa,11/15/22 13:27,,"54,84",12/16/2022,user_1556
1,30,11/15/22 16:45,Ativa,11/15/22 16:45,,"213,3",12/16/2022,user_1558
3,30,9/28/22 13:11,Ativa,11/29/22 10:19,,"194,17",12/30/2022,user_1559
1,30,11/15/22 18:37,Ativa,11/15/22 18:37,,"40,22",12/16/2022,user_1563
1,365,8/16/22 17:59,Ativa,8/16/22 17:59,,"1427,84",16/08/2023,user_1565
1,365,11/15/22 20:30,Ativa,11/15/22 20:30,,"4571,56",15/11/2023,user_1566
2,30,1/16/22 9:07,Ativa,3/3/22 21:46,,"192,14",3/16/2022,user_1573
1,365,1/16/22 16:05,Ativa,1/16/22 16:07,,"2118,45",17/01/2023,user_1575
1,365,1/16/22 22:55,Ativa,1/16/22 22:55,,"5305,95",17/01/2023,user_1578
1,30,2/3/22 6:14,Cancelada,3/12/22 9:49,3/12/22 9:49,"394,23",3/6/2022,user_1580
1,365,2/16/22 11:55,Ativa,2/16/22 11:56,,"5843,36",17/02/2023,user_1586
5,30,7/11/22 19:30,Ativa,11/12/22 10:04,,"283,33",12/13/2022,user_1587
3,30,1/5/22 18:44,Cancelada,3/8/22 9:57,3/8/22 9:57,"238,4",4/8/2022,user_1588
1,365,5/2/22 15:28,Ativa,5/2/22 15:30,,"2721,26",02/05/2023,user_159
1,365,2/16/22 20:41,Ativa,2/16/22 20:41,,"3172,45",17/02/2023,user_1590
1,365,2/16/22 22:43,Ativa,2/16/22 22:43,,"4556,7",17/02/2023,user_1592
1,365,3/16/22 10:38,Ativa,3/16/22 10:38,,"1069,21",16/03/2023,user_1593
1,365,3/16/22 12:12,Ativa,3/16/22 12:14,,"1924,49",16/03/2023,user_1596
1,365,3/16/22 13:44,Ativa,3/16/22 13:44,,"444,75",16/03/2023,user_1597
1,365,5/2/22 17:19,Ativa,7/11/22 22:34,,"4332,33",02/05/2023,user_160
5,30,1/6/22 8:54,Cancelada,6/10/22 10:30,6/10/22 10:30,"36,3",6/10/2022,user_1600
1,30,1/7/22 15:46,Cancelada,1/8/22 22:23,1/8/22 22:23,"133,19",2/7/2022,user_1602
1,365,4/16/22 11:01,Ativa,4/16/22 11:01,,"354,14",16/04/2023,user_1609
1,30,3/7/22 1:14,Cancelada,4/15/22 9:50,4/15/22 9:50,"139,03",4/7/2022,user_1614
1,365,1/11/22 9:34,Ativa,3/24/22 13:12,,"94,43",12/01/2023,user_1617
5,30,6/1/22 17:17,Cancelada,11/3/22 10:33,11/3/22 10:33,"162,93",11/3/2022,user_1619
1,365,5/16/22 15:33,Ativa,6/2/22 19:34,,"170,18",16/05/2023,user_1621
1,365,6/16/22 10:15,Ativa,6/16/22 10:15,,"79,9",16/06/2023,user_1630
0,30,4/25/22 11:31,Trial cancelado,4/28/22 10:45,4/28/22 10:45,"392,03",6/2/2022,user_1635
2,30,1/6/22 14:33,Cancelada,2/17/22 23:28,2/17/22 23:28,"483,52",3/9/2022,user_1637
1,365,6/16/22 10:47,Ativa,6/16/22 10:47,,"5249,05",16/06/2023,user_1638
1,365,7/16/22 15:44,Ativa,7/16/22 15:44,,"607,71",16/07/2023,user_1640
4,30,8/16/23 8:48,Ativa,11/17/23 9:45,,"150,85",12/18/2024,user_1644
3,30,6/29/22 11:46,Cancelada,10/7/22 10:35,10/7/22 10:35,"157,73",10/7/2022,user_1647
0,30,10/24/22 15:34,Trial cancelado,10/31/22 14:12,10/31/22 14:12,"454,55",12/1/2022,user_1650
1,360,9/16/22 12:47,Ativa,9/24/22 1:05,,"4186,37",16/09/2023,user_1651
1,360,10/16/22 11:56,Ativa,10/24/22 1:22,,"1051,65",16/10/2023,user_1653
3,30,9/14/22 16:44,Ativa,11/15/22 9:43,,"346,86",12/16/2022,user_1654
1,30,11/16/23 12:03,Ativa,11/16/23 12:03,,"304,84",12/17/2024,user_1657
1,365,5/2/22 17:53,Ativa,5/2/22 17:54,,"4379,94",02/05/2023,user_166
1,30,1/8/22 19:10,Cancelada,2/14/22 9:31,2/14/22 9:31,"173,73",2/8/2022,user_1675
1,30,11/16/23 18:09,Ativa,11/16/23 18:09,,"227,08",12/17/2024,user_1676
2,30,1/3/22 22:46,Cancelada,2/5/22 9:10,2/5/22 9:10,"304,09",3/6/2022,user_1680
1,30,3/5/22 13:26,Cancelada,4/11/22 9:42,4/11/22 9:42,"174,54",4/5/2022,user_1681
1,30,11/16/23 18:09,Ativa,11/16/23 18:09,,"97,1",12/17/2024,user_1682
1,30,11/16/23 18:16,Ativa,11/16/23 18:16,,"206,57",12/17/2024,user_1683
1,30,9/2/22 18:41,Cancelada,10/9/22 9:50,10/9/22 9:50,"468,56",10/3/2022,user_1693
3,30,1/6/22 13:26,Cancelada,3/9/22 13:51,3/9/22 13:51,"59,01",4/9/2022,user_1694
3,30,9/1/22 16:17,Cancelada,11/7/22 10:16,11/7/22 10:16,"303,59",12/3/2022,user_1698
1,365,1/17/23 10:34,Ativa,1/17/23 10:34,,"5744,93",18/01/2024,user_1699
1,365,5/2/22 23:06,Ativa,5/2/22 23:06,,"1199,98",02/05/2023,user_170
11,30,1/17/23 12:06,Ativa,11/25/23 0:04,,"279,21",12/17/2024,user_1702
1,365,1/17/23 16:56,Ativa,1/17/23 16:58,,4481,18/01/2024,user_1707
1,365,1/17/23 17:19,Ativa,1/17/23 17:19,,"3296,51",18/01/2024,user_1709
1,365,6/2/22 12:20,Ativa,6/2/22 12:20,,"111,13",02/06/2023,user_171
1,30,8/8/22 21:25,Cancelada,8/18/22 19:36,8/18/22 19:36,"352,32",9/8/2022,user_1710
1,30,4/6/22 14:11,Cancelada,5/13/22 9:42,5/13/22 9:42,"443,92",5/7/2022,user_1713
4,30,5/6/22 10:34,Cancelada,9/7/22 10:31,9/7/22 10:31,"491,6",9/7/2022,user_1716
1,365,1/17/23 17:40,Ativa,1/17/23 17:40,,"1888,4",18/01/2024,user_1719
1,365,1/17/23 20:32,Ativa,1/17/23 20:32,,"4101,61",18/01/2024,user_1721
1,30,1/8/22 12:55,Cancelada,2/14/22 9:46,2/14/22 9:46,"64,88",2/8/2022,user_1722
1,365,1/17/23 23:17,Ativa,1/17/23 23:17,,"352,85",18/01/2024,user_1723
2,365,2/17/22 10:28,Ativa,4/13/22 17:32,,"1116,78",13/04/2023,user_1725
1,365,6/2/22 14:25,Ativa,6/2/22 14:25,,"1343,55",02/06/2023,user_173
8,30,2/17/22 12:17,Ativa,11/13/22 18:05,,"421,46",12/14/2022,user_1730
1,365,3/17/22 18:14,Ativa,3/17/22 18:15,,"888,23",17/03/2023,user_1735
1,30,6/9/22 14:06,Cancelada,7/16/22 9:51,7/16/22 9:51,"172,68",7/10/2022,user_174
1,365,4/17/22 19:34,Ativa,4/17/22 19:35,,"362,28",17/04/2023,user_1740
1,365,4/17/22 23:11,Ativa,4/17/22 23:11,,"3688,58",17/04/2023,user_1741
6,30,3/4/22 20:53,Cancelada,8/4/22 10:10,8/4/22 10:09,"80,13",9/4/2022,user_1743
1,30,3/6/22 16:26,Cancelada,4/6/22 12:57,4/6/22 12:57,"364,81",4/6/2022,user_1744
2,30,8/2/22 9:51,Cancelada,10/3/22 17:40,10/3/22 17:40,"246,93",10/3/2022,user_1752
1,360,6/17/22 12:30,Ativa,6/25/22 0:43,,"908,92",17/06/2023,user_1763
1,30,4/6/22 15:39,Cancelada,5/13/22 9:52,5/13/22 9:52,"81,04",5/7/2022,user_1764
1,360,7/17/23 23:09,Ativa,7/25/23 4:24,,"5780,82",18/07/2024,user_1765
1,365,6/2/22 15:19,Ativa,6/2/22 15:20,,"191,03",02/06/2023,user_177
1,365,8/17/22 11:23,Ativa,8/17/22 11:23,,"4188,7",17/08/2023,user_1775
4,30,8/17/23 11:28,Ativa,11/18/23 10:12,,"88,17",12/19/2024,user_1776
1,365,8/17/22 17:12,Ativa,8/17/22 17:12,,"1787,82",17/08/2023,user_1779
4,30,8/17/23 17:41,Ativa,11/18/23 10:11,,"365,97",12/19/2024,user_1781
2,30,6/5/22 17:30,Cancelada,8/6/22 10:30,8/6/22 10:30,"171,11",8/6/2022,user_1782
2,30,10/17/23 11:08,Ativa,11/17/23 9:46,,"187,79",12/18/2024,user_1783
2,30,5/23/22 17:26,Cancelada,8/7/22 10:30,8/7/22 10:30,"179,55",8/7/2022,user_1784
1,30,4/4/22 19:29,Cancelada,5/5/22 16:35,5/5/22 16:35,"450,21",5/5/2022,user_1786
1,365,4/4/22 16:14,Cancelada,4/13/22 18:33,4/13/22 18:33,"3863,18",10/04/2023,user_1795
1,365,8/8/22 10:28,Ativa,8/8/22 10:28,,"4869,11",08/08/2023,user_1797
1,30,11/17/23 15:24,Ativa,11/17/23 15:24,,"79,73",12/18/2024,user_1805
1,30,1/1/22 19:38,Cancelada,2/7/22 9:35,2/7/22 9:35,"12,62",2/1/2022,user_1811
1,30,5/29/22 11:50,Cancelada,7/10/22 15:03,7/10/22 15:03,"135,78",7/6/2022,user_1812
9,30,2/2/22 15:29,Cancelada,11/14/22 9:47,11/14/22 9:47,"363,12",11/8/2022,user_1814
1,30,8/8/22 16:50,Cancelada,9/14/22 10:01,9/14/22 10:01,"17,61",9/8/2022,user_1817
5,30,2/2/22 10:31,Cancelada,7/13/22 10:09,7/13/22 10:09,"0,8",7/7/2022,user_1829
1,30,4/3/22 21:46,Cancelada,5/10/22 9:52,5/10/22 9:52,"72,73",5/4/2022,user_1830
1,365,2/7/22 7:18,Ativa,2/7/22 7:19,,"4615,48",08/02/2023,user_1832
1,365,7/2/22 12:49,Ativa,7/2/22 12:49,,"3213,8",02/07/2023,user_184
1,30,7/10/22 16:44,Cancelada,8/10/22 10:32,8/10/22 10:32,"143,79",8/10/2022,user_1842
1,30,1/9/22 14:05,Cancelada,2/15/22 9:46,2/15/22 9:46,"196,01",2/9/2022,user_1851
1,30,1/6/22 23:12,Cancelada,2/12/22 9:39,2/12/22 9:39,"266,17",2/6/2022,user_1852
1,30,5/4/22 13:35,Cancelada,5/12/22 11:01,5/12/22 11:01,"187,77",6/4/2022,user_1855
1,365,1/18/23 11:30,Ativa,1/18/23 11:31,,"4280,22",19/01/2024,user_1862
2,30,4/7/22 23:44,Cancelada,6/8/22 10:30,6/8/22 10:30,"243,3",6/8/2022,user_1868
1,30,9/7/22 13:19,Cancelada,10/8/22 10:33,10/8/22 10:33,"67,13",10/8/2022,user_1872
1,30,3/10/22 16:17,Cancelada,4/16/22 9:33,4/16/22 9:33,"287,5",4/10/2022,user_1874
4,30,1/31/22 10:50,Cancelada,5/31/22 19:02,5/31/22 19:02,"146,29",6/4/2022,user_1883
1,365,1/18/22 14:30,Ativa,2/7/22 15:35,,"3662,94",08/02/2023,user_1887
1,365,1/18/23 18:31,Ativa,1/18/23 18:31,,"3273,77",19/01/2024,user_1888
1,365,1/18/23 18:40,Ativa,1/18/23 18:41,,"4439,68",19/01/2024,user_1891
1,365,4/18/23 8:44,Ativa,4/18/23 8:44,,"2132,28",18/04/2024,user_1894
1,365,4/18/23 11:26,Ativa,4/18/23 11:27,,"263,17",18/04/2024,user_1895
1,30,5/4/22 22:12,Cancelada,6/10/22 9:46,6/10/22 9:46,"267,94",6/4/2022,user_1898
1,365,2/1/22 14:21,Ativa,2/1/22 14:21,,"5220,07",02/02/2023,user_19
1,365,8/2/22 21:34,Ativa,8/2/22 21:34,,"1117,16",02/08/2023,user_190
1,365,4/18/23 15:52,Ativa,4/18/23 15:52,,"4250,16",18/04/2024,user_1903
1,365,5/4/22 16:38,Cancelada,5/10/22 14:47,5/10/22 14:47,"2356,55",04/05/2023,user_1904
2,30,5/3/22 22:54,Cancelada,7/10/22 9:33,7/10/22 9:33,"204,51",7/4/2022,user_1907
1,365,5/18/23 12:56,Ativa,5/18/23 12:56,,"3866,49",18/05/2024,user_1910
2,30,7/8/22 12:01,Cancelada,9/8/22 10:32,9/8/22 10:32,"354,04",9/8/2022,user_1914
7,30,5/18/23 13:48,Ativa,11/20/23 10:34,,"108,64",12/21/2024,user_1916
1,365,9/2/22 18:08,Ativa,9/2/22 18:09,,"1526,14",02/09/2023,user_195
1,30,1/6/22 12:00,Cancelada,2/11/22 14:01,2/11/22 14:01,"493,72",2/6/2022,user_1951
1,365,4/18/23 22:29,Ativa,4/18/23 22:29,,"5094,17",18/04/2024,user_1960
3,30,9/18/23 13:57,Ativa,11/19/23 10:21,,"315,95",12/20/2024,user_1964
1,360,9/18/23 14:47,Ativa,9/26/23 2:44,,"5769,64",18/09/2024,user_1968
1,365,10/2/22 9:08,Ativa,10/2/22 9:08,,"2606,5",02/10/2023,user_197
2,30,3/7/22 14:22,Cancelada,5/14/22 9:46,5/14/22 9:46,"233,01",5/8/2022,user_1970
3,30,9/18/23 19:56,Ativa,11/20/23 15:21,,"445,19",12/20/2024,user_1971
3,30,1/6/22 16:41,Cancelada,3/15/22 11:37,3/15/22 11:37,"318,98",4/9/2022,user_1974
2,30,10/18/23 15:44,Ativa,11/20/23 15:46,,"33,93",12/19/2024,user_1981
1,30,2/1/22 12:13,Cancelada,3/10/22 9:36,3/10/22 9:36,"219,87",3/4/2022,user_1988
2,30,3/3/22 19:24,Cancelada,5/10/22 9:31,5/10/22 9:31,"5,29",5/4/2022,user_1989
1,30,5/6/22 1:04,Cancelada,6/14/22 9:31,6/14/22 9:31,"482,46",6/6/2022,user_1989
1,365,1/18/23 11:32,Ativa,1/18/23 11:32,,"5772,14",19/01/2024,user_1990
1,30,3/5/22 14:21,Cancelada,3/30/22 18:05,3/30/22 18:05,"36,24",4/5/2022,user_1991
2,30,1/3/22 8:38,Cancelada,2/18/22 10:50,2/18/22 10:50,"151,77",3/6/2022,user_1991
2,30,6/9/22 1:30,Cancelada,8/14/22 10:35,8/14/22 10:35,"357,59",8/10/2022,user_2
1,30,4/9/22 3:17,Cancelada,5/10/22 10:02,5/10/22 10:02,"2,75",5/10/2022,user_2002
1,365,1/19/23 12:23,Ativa,1/19/23 12:23,,"2176,16",20/01/2024,user_2004
1,365,1/19/23 15:55,Ativa,1/19/23 15:58,,"2197,95",20/01/2024,user_2015
1,365,1/19/23 17:18,Ativa,1/19/23 17:21,,"3175,05",20/01/2024,user_2016
1,30,6/9/22 19:57,Cancelada,7/16/22 9:43,7/16/22 9:43,"271,4",7/10/2022,user_2017
1,365,4/19/23 8:03,Ativa,4/19/23 8:03,,"4640,73",19/04/2024,user_2021
1,365,6/19/23 9:30,Ativa,6/19/23 9:31,,"1057,69",19/06/2024,user_2028
1,30,7/6/22 12:14,Cancelada,7/13/22 19:08,7/13/22 19:08,"227,17",8/6/2022,user_2030
1,30,4/6/22 1:47,Cancelada,5/13/22 9:43,5/13/22 9:43,"461,94",5/7/2022,user_2033
1,30,1/6/22 9:39,Cancelada,2/12/22 9:46,2/12/22 9:46,"450,78",2/6/2022,user_2040
1,365,6/19/23 12:34,Ativa,6/19/23 12:34,,"94,06",19/06/2024,user_2044
1,365,6/12/22 8:32,Ativa,6/12/22 8:32,,4346,12/06/2023,user_2045
1,365,6/19/23 17:07,Ativa,6/19/23 17:07,,"1959,81",19/06/2024,user_2048
1,30,6/3/22 21:49,Cancelada,7/10/22 9:40,7/10/22 9:40,"209,45",7/4/2022,user_2057
1,30,7/3/22 15:53,Cancelada,7/5/22 11:21,7/5/22 11:21,"416,49",8/3/2022,user_2061
1,30,5/5/22 14:26,Cancelada,6/11/22 9:45,6/11/22 9:45,"56,39",6/5/2022,user_2071
1,365,7/19/23 16:25,Ativa,7/19/23 16:25,,"5072,24",19/07/2024,user_2073
3,30,3/9/22 21:50,Cancelada,6/16/22 9:33,6/16/22 9:33,"212,28",6/10/2022,user_2075
1,30,1/6/22 13:04,Cancelada,1/23/22 19:59,1/23/22 19:59,"95,13",2/6/2022,user_2082
1,30,11/5/22 0:00,Cancelada,11/7/22 10:10,11/7/22 10:10,"366,41",12/6/2022,user_2084
5,30,3/1/22 8:15,Cancelada,8/3/22 10:30,8/3/22 10:30,"136,67",8/3/2022,user_2088
1,365,9/19/23 13:41,Ativa,9/19/23 13:41,,"992,9",19/09/2024,user_2089
2,30,10/19/23 14:51,Ativa,11/19/23 10:16,,"213,73",12/20/2024,user_2096
1,365,1/20/23 11:32,Ativa,1/23/23 16:32,,"418,89",21/01/2024,user_2098
8,30,1/31/22 15:13,Cancelada,10/6/22 10:32,10/6/22 10:32,"399,58",10/6/2022,user_21
11,30,1/20/23 11:38,Ativa,11/28/23 0:42,,"487,39",12/20/2024,user_2105
1,360,2/5/22 14:56,Cancelada,2/11/22 10:54,2/11/22 10:53,"1362,77",05/02/2023,user_2107
3,30,4/5/22 18:47,Cancelada,7/13/22 9:55,7/13/22 9:55,"388,17",7/7/2022,user_2109
1,365,1/20/23 11:59,Ativa,1/20/23 11:59,,"2283,5",21/01/2024,user_2110
1,360,1/20/23 13:13,Ativa,1/28/23 1:22,,"2871,46",20/01/2024,user_2111
7,30,5/11/22 21:41,Ativa,11/13/22 9:34,,"498,05",12/14/2022,user_2112
1,365,4/29/23 17:10,Ativa,4/29/23 17:10,,"604,83",29/04/2024,user_2113
1,365,1/20/23 18:25,Ativa,1/20/23 18:26,,"2166,68",21/01/2024,user_2116
1,365,2/20/23 15:46,Ativa,2/20/23 15:46,,"5327,19",21/02/2024,user_2118
2,30,1/1/22 15:19,Cancelada,2/8/22 11:53,2/8/22 11:53,"364,19",3/4/2022,user_2122
8,30,1/4/22 21:44,Cancelada,8/5/22 10:06,8/5/22 10:05,"236,21",9/5/2022,user_2133
3,30,2/4/22 11:08,Cancelada,4/10/22 19:12,4/10/22 19:12,"375,17",5/8/2022,user_2136
1,365,3/20/23 12:33,Ativa,3/20/23 12:33,,"2969,83",20/03/2024,user_2138
1,365,3/20/23 14:22,Ativa,3/20/23 14:22,,"1130,4",20/03/2024,user_2140
3,30,1/5/22 21:55,Cancelada,4/14/22 9:34,4/14/22 9:34,"263,29",4/8/2022,user_2143
1,365,4/20/23 10:22,Ativa,4/20/23 10:22,,"3186,62",20/04/2024,user_2150
2,30,5/3/22 14:09,Cancelada,7/4/22 10:30,7/4/22 10:30,"102,39",7/4/2022,user_2151
1,365,7/20/23 8:46,Ativa,7/20/23 8:46,,"1086,25",20/07/2024,user_2165
2,30,2/7/22 17:43,Cancelada,4/16/22 9:34,4/16/22 9:34,"231,38",4/10/2022,user_2168
1,365,7/20/23 10:02,Ativa,7/20/23 10:03,,"5453,26",20/07/2024,user_2175
1,30,3/6/22 8:06,Cancelada,4/12/22 9:53,4/12/22 9:53,"328,47",4/6/2022,user_2179
1,30,4/3/22 22:30,Cancelada,5/10/22 9:41,5/10/22 9:41,"314,49",5/4/2022,user_218
1,30,1/9/22 15:20,Cancelada,2/15/22 9:44,2/15/22 9:44,"242,45",2/9/2022,user_2180
2,30,7/8/22 17:59,Cancelada,9/14/22 10:17,9/14/22 10:17,"377,05",9/8/2022,user_2183
1,365,1/3/22 0:26,Ativa,1/3/22 0:27,,"5235,9",04/01/2023,user_219
3,30,1/6/22 10:16,Cancelada,4/11/22 10:13,4/11/22 10:13,"156,55",4/9/2022,user_2190
1,365,9/20/23 10:34,Ativa,9/20/23 10:34,,"3459,57",20/09/2024,user_2191
1,365,2/1/22 16:52,Ativa,2/1/22 16:52,,"2768,88",02/02/2023,user_22
10,30,2/27/22 23:03,Cancelada,11/28/22 16:29,11/28/22 16:29,"230,3",12/3/2022,user_2205
1,30,10/6/22 22:30,Cancelada,11/12/22 10:09,11/12/22 10:09,"80,49",11/6/2022,user_2205
1,30,9/7/22 16:23,Cancelada,10/8/22 9:30,10/8/22 9:30,"309,89",10/8/2022,user_2209
1,30,2/6/22 11:27,Cancelada,3/15/22 9:33,3/15/22 9:33,"201,45",3/9/2022,user_2212
1,365,9/20/23 18:10,Ativa,9/23/23 3:05,,"5382,88",20/09/2024,user_2221
1,30,9/12/22 10:47,Cancelada,9/15/22 17:03,9/15/22 17:03,"379,09",10/13/2022,user_2235
1,30,2/2/22 21:40,Cancelada,3/11/22 9:58,3/11/22 9:58,"477,56",3/5/2022,user_2236
1,30,1/5/22 10:15,Cancelada,1/16/22 22:01,1/16/22 22:01,"156,06",2/5/2022,user_2238
1,30,2/7/22 10:01,Cancelada,3/16/22 9:39,3/16/22 9:39,"343,74",3/10/2022,user_224
0,30,8/24/22 13:24,Trial cancelado,8/31/22 19:09,8/31/22 19:09,"478,29",10/1/2022,user_2245
1,30,10/3/22 13:52,Cancelada,11/3/22 9:45,11/3/22 9:45,"141,78",11/3/2022,user_2249
1,30,2/3/22 14:26,Cancelada,3/12/22 9:42,3/12/22 9:42,"156,71",3/6/2022,user_2251
2,30,1/1/22 21:06,Cancelada,3/10/22 9:47,3/10/22 9:47,"450,96",3/4/2022,user_2253
1,30,7/6/22 2:15,Cancelada,8/12/22 9:34,8/12/22 9:34,"331,09",8/6/2022,user_2263
7,30,5/3/22 16:26,Cancelada,11/7/22 10:17,11/7/22 10:17,"381,93",12/6/2022,user_2267
6,365,3/1/23 19:13,Ativa,6/29/23 10:59,,"1523,65",29/06/2024,user_228
4,30,2/12/22 12:03,Atrasada,5/12/22 11:55,,"210,56",6/12/2022,user_2296
2,30,8/12/22 1:04,Cancelada,10/19/22 9:51,10/19/22 9:51,"390,26",10/13/2022,user_23
1,365,1/5/22 10:19,Cancelada,1/25/22 9:41,1/25/22 9:41,"838,38",06/01/2023,user_2301
1,30,2/3/22 11:22,Cancelada,2/7/22 17:13,2/7/22 17:13,"441,29",3/6/2022,user_2302
2,30,7/5/22 14:41,Cancelada,9/11/22 10:27,9/11/22 10:27,"182,95",9/5/2022,user_2306
3,30,2/6/22 17:39,Cancelada,5/10/22 10:33,5/10/22 10:33,"471,42",5/10/2022,user_2311
1,30,1/8/22 21:54,Cancelada,1/19/22 9:50,1/19/22 9:50,"267,08",2/9/2022,user_2312
1,30,2/2/22 8:47,Cancelada,3/11/22 9:48,3/11/22 9:48,"205,46",3/5/2022,user_2317
1,30,3/6/22 10:26,Cancelada,4/4/22 16:17,4/4/22 16:17,"51,63",4/6/2022,user_2317
1,365,11/29/23 15:17,Ativa,11/29/23 15:17,,"1708,16",29/11/2024,user_2322
4,30,6/4/22 20:44,Cancelada,10/6/22 10:32,10/6/22 10:32,"224,85",10/6/2022,user_2322
4,30,1/31/22 21:53,Cancelada,5/10/22 9:33,6/10/22 9:46,"212,34",5/4/2022,user_233
1,365,2/3/22 11:06,Ativa,2/3/22 11:06,,"2781,45",04/02/2023,user_235
7,30,1/29/22 12:34,Cancelada,9/9/22 10:21,9/9/22 10:21,"295,61",9/3/2022,user_2352
5,30,4/1/22 9:29,Cancelada,9/3/22 10:30,9/3/22 10:30,"365,65",9/3/2022,user_2353
2,30,3/3/22 19:38,Cancelada,5/10/22 9:39,5/10/22 9:39,"423,21",5/4/2022,user_2354
5,30,1/4/22 9:02,Cancelada,6/6/22 16:48,6/6/22 16:48,"204,76",6/8/2022,user_2362
2,365,3/21/23 15:39,Ativa,4/21/23 11:21,,"5722,24",21/04/2024,user_2365
1,365,3/21/22 17:05,Ativa,4/4/22 11:07,,"4771,52",04/04/2023,user_2366
1,30,1/7/22 22:55,Cancelada,2/7/22 9:41,2/7/22 9:41,"129,67",2/7/2022,user_2372
8,30,5/9/22 11:01,Ativa,11/15/22 10:30,,"464,05",12/16/2022,user_2379
1,365,7/5/22 13:45,Cancelada,7/11/22 18:29,7/11/22 18:29,"5183,13",05/07/2023,user_238
1,365,6/21/23 22:10,Ativa,6/21/23 22:10,,"1195,37",21/06/2024,user_2385
6,30,1/6/23 14:50,Ativa,11/17/23 10:22,,"186,92",12/18/2024,user_2387
4,30,6/1/22 13:01,Cancelada,10/3/22 10:34,10/3/22 10:34,"223,94",10/3/2022,user_2391
1,365,10/2/22 16:51,Ativa,10/9/22 10:41,,"5797,33",09/10/2023,user_2392
1,365,11/2/22 17:51,Ativa,11/9/22 9:40,,"5723,52",09/11/2023,user_2394
4,30,8/3/22 15:41,Ativa,11/14/22 10:29,,"336,73",12/12/2022,user_2398
1,365,11/3/22 11:03,Ativa,11/3/22 11:03,,"1748,17",03/11/2023,user_2401
6,30,6/5/22 16:11,Ativa,11/30/22 9:57,,"372,88",12/31/2022,user_2406
4,30,8/5/22 8:35,Ativa,11/13/22 10:17,,"176,52",12/14/2022,user_2407
1,365,5/9/22 15:52,Ativa,5/9/22 15:53,,"4518,25",09/05/2023,user_2408
4,30,1/6/22 22:41,Cancelada,5/9/22 15:56,5/9/22 15:56,"287,7",5/10/2022,user_2408
1,365,2/3/22 15:49,Ativa,2/3/22 15:50,,"792,41",04/02/2023,user_241
1,365,6/6/22 11:08,Ativa,6/6/22 11:08,,"35,63",06/06/2023,user_2410
1,365,7/6/22 10:38,Ativa,7/13/22 9:51,,"4655,75",13/07/2023,user_2414
1,365,2/7/22 13:16,Ativa,7/6/22 15:42,,"456,87",08/02/2023,user_2415
2,30,1/7/22 8:44,Cancelada,3/6/22 13:29,3/6/22 13:29,"369,2",3/10/2022,user_2418
3,30,9/7/22 10:43,Ativa,11/15/22 9:33,,"294,1",12/16/2022,user_2419
1,30,5/6/22 16:26,Cancelada,6/12/22 9:52,6/12/22 9:52,"249,73",6/6/2022,user_2421
5,30,4/5/22 14:36,Cancelada,9/13/22 9:53,9/13/22 9:53,"295,21",9/7/2022,user_2424
1,365,7/8/22 12:08,Ativa,7/8/22 12:08,,"439,18",08/07/2023,user_2427
1,365,2/3/22 16:26,Ativa,2/3/22 16:26,,"2376,36",04/02/2023,user_243
1,365,2/8/22 16:24,Ativa,10/4/22 14:44,,"998,89",09/02/2023,user_2438
9,30,4/8/22 16:53,Ativa,11/29/22 10:12,,"265,98",12/30/2022,user_2439
1,365,2/3/22 20:10,Ativa,2/5/22 20:09,,"3392,53",06/02/2023,user_244
3,30,1/6/22 15:13,Cancelada,4/15/22 9:54,4/15/22 9:54,"232,46",4/9/2022,user_2442
3,30,1/9/22 12:20,Atrasada,3/9/22 11:42,,"304,54",4/9/2022,user_2443
7,365,1/22/22 2:20,Ativa,8/2/22 14:00,,"1108,65",02/08/2023,user_2444
2,30,4/7/22 20:36,Cancelada,6/8/22 10:30,6/8/22 10:30,"91,64",6/8/2022,user_245
1,30,1/7/22 12:09,Cancelada,2/13/22 9:49,2/13/22 9:49,"323,09",2/7/2022,user_2452
1,30,2/7/22 10:28,Cancelada,3/16/22 9:34,3/16/22 9:34,"47,24",3/10/2022,user_2453
1,365,11/8/22 18:57,Ativa,11/15/22 10:10,,"5016,11",15/11/2023,user_2455
2,30,1/2/22 20:15,Cancelada,2/9/22 20:23,2/9/22 20:23,"230,88",3/5/2022,user_2464
1,365,3/3/22 10:23,Ativa,3/3/22 10:23,,"2928,34",03/03/2023,user_247
4,30,6/29/22 10:29,Cancelada,11/1/22 17:49,11/1/22 17:49,"296,92",10/31/2022,user_2471
1,30,6/2/22 11:31,Cancelada,7/9/22 9:50,7/9/22 9:50,"119,19",7/3/2022,user_2475
5,30,5/23/23 14:19,Ativa,11/17/23 9:51,,"255,2",12/18/2024,user_2476
9,30,3/9/22 21:02,Ativa,11/12/22 9:44,,"111,07",12/13/2022,user_2478
1,365,3/3/22 16:02,Ativa,3/3/22 16:03,,"2133,68",03/03/2023,user_248
1,30,1/9/22 18:40,Cancelada,2/15/22 9:45,2/15/22 9:45,"193,07",2/9/2022,user_2482
1,30,6/4/22 19:36,Cancelada,6/5/22 18:51,6/5/22 18:51,"62,74",7/5/2022,user_2488
1,365,4/3/22 10:27,Ativa,4/3/22 10:27,,"5642,59",03/04/2023,user_249
1,30,2/7/22 10:30,Cancelada,3/16/22 9:39,3/16/22 9:39,"198,41",3/10/2022,user_249
3,30,9/9/23 15:23,Ativa,11/25/23 2:23,,"316,25",12/17/2024,user_2492
1,365,11/9/22 16:31,Ativa,11/10/22 3:03,,"3087,75",09/11/2023,user_2493
1,365,3/10/22 11:30,Ativa,6/1/22 3:57,,"559,27",10/03/2023,user_2496
1,30,8/3/22 13:23,Cancelada,9/9/22 10:28,9/9/22 10:28,"374,33",9/3/2022,user_251
1,30,2/1/22 20:33,Cancelada,2/1/22 20:52,2/1/22 20:52,"61,51",3/4/2022,user_2523
2,30,6/5/22 13:48,Cancelada,8/3/22 17:25,8/3/22 17:25,"114,24",8/5/2022,user_2546
9,30,2/7/22 14:40,Cancelada,11/19/22 10:29,11/19/22 10:29,"484,81",11/13/2022,user_2547
1,30,10/3/22 10:31,Cancelada,11/9/22 9:49,11/9/22 9:49,"174,32",11/3/2022,user_2551
5,30,7/10/22 15:38,Ativa,11/11/22 10:02,,"154,52",12/12/2022,user_2559
2,30,10/12/22 20:49,Ativa,11/16/22 19:04,,"412,65",12/13/2022,user_2566
8,30,3/4/23 11:33,Ativa,11/16/23 10:25,,"146,07",12/17/2024,user_257
1,30,2/7/22 10:40,Cancelada,3/16/22 9:52,3/16/22 9:52,"380,47",3/10/2022,user_2576
1,365,1/23/22 8:36,Ativa,2/6/22 15:14,,"4412,9",07/02/2023,user_2580
1,30,2/6/22 15:57,Cancelada,2/21/22 17:39,2/21/22 17:39,"200,42",3/9/2022,user_2591
1,365,2/7/22 14:53,Cancelada,3/28/22 11:23,3/28/22 11:23,"5469,28",08/02/2023,user_2596
1,30,7/3/22 13:34,Cancelada,8/9/22 10:10,8/9/22 10:10,"71,68",8/3/2022,user_26
1,365,4/3/22 18:57,Ativa,4/3/22 18:57,,"98,58",03/04/2023,user_260
1,365,3/23/22 17:41,Ativa,3/31/22 0:48,,"3387,88",31/03/2023,user_2613
1,365,3/23/22 22:05,Ativa,4/9/22 21:57,,"3958,17",09/04/2023,user_2621
1,30,4/3/22 20:43,Cancelada,5/4/22 10:32,5/4/22 10:32,"330,15",5/4/2022,user_2623
4,30,1/3/22 9:04,Cancelada,5/7/22 10:30,5/7/22 10:30,"246,46",5/7/2022,user_2625
1,365,11/10/22 10:00,Ativa,11/10/22 10:02,,"837,03",10/11/2023,user_2629
1,365,11/10/22 12:13,Ativa,11/10/22 12:13,,"4829,36",10/11/2023,user_2630
1,30,5/4/22 16:17,Cancelada,6/4/22 10:30,6/4/22 10:30,"479,29",6/4/2022,user_2631
1,30,2/5/22 21:27,Cancelada,3/14/22 9:32,3/14/22 9:32,"146,76",3/8/2022,user_2633
1,365,11/10/22 16:17,Ativa,11/10/22 16:17,,"204,66",10/11/2023,user_2639
5,30,1/31/22 10:39,Cancelada,7/5/22 10:30,7/5/22 10:30,"58,53",7/5/2022,user_2644
5,30,7/11/22 17:43,Ativa,11/12/22 9:55,,"304,1",12/13/2022,user_2647
1,365,5/3/22 9:35,Ativa,5/3/22 9:35,,"3518,46",03/05/2023,user_265
1,365,10/11/22 10:42,Ativa,10/11/22 10:43,,5430,11/10/2023,user_2651
3,30,1/7/22 22:35,Cancelada,4/16/22 9:34,4/16/22 9:34,"182,52",4/10/2022,user_2656
1,30,6/5/22 16:36,Cancelada,7/3/22 18:22,7/3/22 18:22,"46,83",7/6/2022,user_2658
1,365,11/11/22 17:03,Ativa,11/11/22 17:04,,"1684,24",11/11/2023,user_2659
8,30,4/12/22 11:30,Ativa,11/15/22 9:51,,"485,72",12/16/2022,user_2663
6,30,6/12/22 17:11,Ativa,11/16/22 19:48,,"349,31",12/14/2022,user_2669
5,30,12/7/23 10:01,Ativa,11/20/23 10:29,,"206,98",12/21/2024,user_2680
2,30,10/12/22 18:05,Ativa,11/12/22 10:13,,"389,29",12/13/2022,user_2682
1,365,7/13/22 7:57,Ativa,7/13/22 8:20,,"5109,35",13/07/2023,user_2683
1,365,7/13/22 15:17,Ativa,7/13/22 15:17,,"4970,34",13/07/2023,user_2686
1,30,2/4/22 11:22,Cancelada,2/12/22 19:27,2/12/22 19:27,"169,08",3/7/2022,user_269
1,30,1/6/22 10:22,Cancelada,2/12/22 9:35,2/12/22 9:35,"301,67",2/6/2022,user_2690
4,30,8/13/22 18:15,Ativa,11/14/22 20:03,,"214,73",12/15/2022,user_2692
3,30,1/23/22 18:23,Atrasada,3/23/22 12:30,,"305,89",4/23/2022,user_2696
1,30,3/10/22 15:23,Cancelada,4/16/22 9:37,4/16/22 9:37,"481,8",4/10/2022,user_2696
2,30,2/3/22 22:13,Cancelada,3/6/22 10:00,3/6/22 10:00,"478,07",4/6/2022,user_2697
1,30,11/13/23 13:20,Ativa,11/20/23 10:17,,"348,76",12/21/2024,user_2699
1,365,5/3/22 14:48,Ativa,5/3/22 14:48,,"1390,21",03/05/2023,user_270
1,30,1/8/22 10:53,Cancelada,2/14/22 9:34,2/14/22 9:34,"42,84",2/8/2022,user_2703
1,365,11/13/22 14:20,Ativa,11/13/22 14:20,,"4857,85",13/11/2023,user_2704
5,30,1/9/22 9:28,Atrasada,5/9/22 11:13,,"345,38",6/9/2022,user_2706
1,365,5/3/22 18:38,Ativa,5/3/22 18:38,,"5695,91",03/05/2023,user_271
3,30,1/7/22 21:45,Cancelada,3/14/22 8:24,3/14/22 8:24,"77,89",4/10/2022,user_2720
9,30,3/24/23 9:55,Ativa,11/27/23 10:50,,"468,43",12/28/2024,user_2725
1,365,6/3/22 11:28,Ativa,6/3/22 11:29,,"4795,22",03/06/2023,user_273
2,30,1/5/22 18:11,Cancelada,3/14/22 9:34,3/14/22 9:34,"305,11",3/8/2022,user_2736
2,30,8/6/22 9:27,Cancelada,10/13/22 10:39,10/13/22 10:39,"373,79",10/7/2022,user_2738
8,30,4/24/23 19:30,Ativa,11/27/23 10:17,,"446,06",12/28/2024,user_2742
1,30,3/7/22 17:15,Cancelada,3/9/22 22:03,3/9/22 22:03,"430,82",4/7/2022,user_2747
1,360,6/3/22 12:15,Ativa,6/11/22 0:24,,"5245,73",03/06/2023,user_275
1,30,1/5/22 9:50,Cancelada,2/11/22 9:46,2/11/22 9:46,"27,68",2/5/2022,user_2753
1,30,1/5/22 13:27,Cancelada,2/11/22 9:32,2/11/22 9:32,"396,88",2/5/2022,user_2758
1,30,5/29/22 9:38,Cancelada,6/6/22 10:01,6/6/22 10:01,"146,51",7/6/2022,user_276
1,365,4/4/22 10:17,Ativa,4/4/22 10:17,,"4163,93",04/04/2023,user_2761
1,30,1/31/22 10:24,Cancelada,3/11/22 9:31,3/11/22 9:31,"435,65",3/5/2022,user_2761
1,365,11/13/22 18:43,Ativa,11/13/22 18:44,,"1286,16",13/11/2023,user_2765
1,30,1/9/22 11:01,Cancelada,2/15/22 9:33,2/15/22 9:33,"285,22",2/9/2022,user_2770
1,30,11/14/23 13:30,Ativa,11/28/23 10:47,,"354,8",12/29/2024,user_2775
1,365,11/14/22 16:36,Ativa,11/14/22 16:36,,"2079,21",14/11/2023,user_2777
1,30,5/2/22 23:25,Atrasada,5/12/22 7:31,,"23,81",09/05/2023,user_2779
1,365,1/16/22 14:43,Ativa,1/16/22 14:43,,"1642,76",17/01/2023,user_2782
4,30,8/15/23 9:25,Ativa,11/16/23 16:44,,"458,77",12/17/2024,user_2783
1,30,1/4/22 10:27,Cancelada,2/10/22 9:43,2/10/22 9:43,"283,72",2/4/2022,user_2787
1,30,11/15/22 16:53,Ativa,11/15/22 16:53,,"101,19",12/16/2022,user_2788
4,30,8/16/23 16:43,Ativa,11/27/23 11:04,,"81,42",12/28/2024,user_2797
1,365,11/16/22 17:01,Ativa,11/16/22 17:01,,"4511,44",16/11/2023,user_2798
1,365,2/1/22 19:21,Ativa,3/1/22 9:09,,"3131,09",02/02/2023,user_28
7,30,4/4/22 17:34,Cancelada,10/9/22 15:38,10/9/22 15:38,"40,34",11/7/2022,user_2803
2,30,10/17/23 11:50,Ativa,11/17/23 10:08,,"81,09",12/18/2024,user_2805
1,30,4/7/22 11:36,Cancelada,5/8/22 10:30,5/8/22 10:30,"441,02",5/8/2022,user_2807
1,365,11/17/22 14:25,Ativa,11/17/22 14:25,,"2477,7",17/11/2023,user_2816
1,365,8/28/23 21:07,Ativa,8/28/23 21:08,,"821,4",28/08/2024,user_282
1,30,8/3/22 19:26,Cancelada,9/9/22 10:12,9/9/22 10:12,"80,61",9/3/2022,user_2820
1,30,3/5/22 12:07,Cancelada,4/11/22 9:50,4/11/22 9:50,"95,59",4/5/2022,user_2822
1,30,2/7/22 20:33,Cancelada,3/16/22 9:52,3/16/22 9:52,"121,86",3/10/2022,user_2835
7,30,5/25/23 14:54,Ativa,11/27/23 10:40,,"9,09",12/28/2024,user_2843
7,30,5/25/23 17:13,Ativa,11/27/23 10:21,,"359,93",12/28/2024,user_2848
6,30,6/25/23 21:24,Ativa,11/27/23 10:44,,"288,87",12/28/2024,user_2852
1,365,1/5/22 6:07,Cancelada,1/24/22 18:14,1/24/22 18:14,"3611,21",06/01/2023,user_2853
4,30,8/28/22 9:03,Ativa,11/29/22 10:25,,"326,13",12/30/2022,user_2856
1,365,1/7/22 12:30,Cancelada,4/14/22 19:31,4/14/22 19:31,"2211,51",08/01/2023,user_286
1,365,8/18/23 7:12,Ativa,8/18/23 7:13,,"762,52",18/08/2024,user_2864
2,30,10/18/23 10:06,Ativa,11/18/23 9:37,,"84,11",12/19/2024,user_2876
5,365,4/29/22 18:34,Ativa,9/6/22 16:06,,"3556,75",06/09/2023,user_2883
3,30,7/11/22 7:30,Atrasada,9/11/22 11:24,,"373,69",10/11/2022,user_2890
1,365,11/19/23 6:54,Ativa,11/19/23 6:55,,"5623,76",19/11/2024,user_2893
1,365,4/20/23 10:35,Ativa,4/5/23 14:59,,"5905,81",20/04/2024,user_2898
1,30,2/1/22 10:46,Cancelada,3/10/22 9:45,3/10/22 9:45,"365,34",3/4/2022,user_2903
1,365,11/20/23 14:44,Ativa,11/20/23 14:45,,"1198,04",20/11/2024,user_2904
1,365,11/20/23 15:48,Ativa,11/20/23 15:49,,"5184,35",20/11/2024,user_2905
1,30,3/8/22 7:42,Cancelada,4/3/22 10:29,4/3/22 10:29,"92,59",4/8/2022,user_2909
2,30,9/4/22 18:35,Cancelada,11/5/22 10:30,11/5/22 10:30,"477,89",11/5/2022,user_2910
6,30,6/21/22 9:45,Ativa,11/30/22 9:52,,"221,21",12/31/2022,user_2915
6,30,6/21/22 17:50,Ativa,11/30/22 10:29,,"194,78",12/31/2022,user_2928
1,30,6/9/22 20:20,Cancelada,7/16/22 9:35,7/16/22 9:35,"480,42",7/10/2022,user_293
2,30,8/4/22 18:38,Cancelada,10/9/22 11:02,10/9/22 11:02,"443,6",10/5/2022,user_2931
1,30,1/9/22 13:04,Cancelada,2/15/22 9:44,2/15/22 9:44,"142,67",2/9/2022,user_2934
1,30,9/5/22 13:34,Cancelada,10/12/22 9:53,10/12/22 9:53,"407,08",10/6/2022,user_2935
1,30,6/7/22 16:44,Cancelada,7/14/22 9:42,7/14/22 9:42,147,7/8/2022,user_2937
1,365,2/6/22 13:24,Ativa,2/6/22 13:24,,"1681,86",07/02/2023,user_2940
1,365,11/28/23 23:51,Ativa,11/29/23 1:04,,"3913,47",28/11/2024,user_2940
2,30,5/6/22 10:11,Cancelada,7/7/22 10:30,7/7/22 10:30,"279,6",7/7/2022,user_2949
1,365,1/5/22 11:07,Ativa,1/5/22 11:07,,"486,61",06/01/2023,user_295
1,30,2/5/22 23:26,Cancelada,3/14/22 9:50,3/14/22 9:50,"489,83",3/8/2022,user_2952
1,365,1/4/22 20:38,Ativa,1/4/22 20:38,,"2443,45",05/01/2023,user_296
4,30,5/2/22 11:37,Cancelada,9/9/22 10:19,9/9/22 10:19,"317,84",9/3/2022,user_2960
1,365,1/26/22 14:22,Ativa,2/15/22 8:50,,"5287,01",16/02/2023,user_2967
1,365,2/4/22 11:42,Ativa,2/4/22 11:42,,"1393,4",05/02/2023,user_297
3,30,2/1/22 21:15,Cancelada,5/5/22 10:30,5/5/22 10:30,"281,17",5/5/2022,user_2970
1,30,4/4/22 13:24,Cancelada,5/5/22 16:43,5/5/22 16:43,"132,89",5/5/2022,user_2971
1,365,11/21/23 7:51,Ativa,11/21/23 7:51,,"4995,53",21/11/2024,user_2974
1,30,2/7/22 8:42,Cancelada,3/16/22 9:50,3/16/22 9:50,"483,34",3/10/2022,user_2975
1,30,3/8/22 10:44,Cancelada,4/14/22 9:32,4/14/22 9:32,"26,71",4/8/2022,user_298
1,365,11/21/23 15:28,Ativa,11/21/23 15:28,,"4353,57",21/11/2024,user_299
1,360,1/30/22 6:50,Ativa,2/6/22 22:23,,"68,56",30/01/2023,user_299
1,365,2/26/22 20:55,Ativa,3/8/22 13:39,,"1835,79",08/03/2023,user_2991
1,30,2/2/22 12:05,Cancelada,2/16/22 10:33,2/16/22 10:33,"113,05",3/5/2022,user_2993
1,30,7/5/22 17:11,Cancelada,8/11/22 10:09,8/11/22 10:09,"168,18",8/5/2022,user_2997
5,365,4/26/23 10:26,Ativa,9/18/23 9:43,,"4592,75",18/09/2024,user_2998
0,30,7/25/22 15:49,Trial cancelado,7/31/22 19:08,7/31/22 19:08,"301,38",9/1/2022,user_3
1,30,8/28/22 19:54,Cancelada,10/5/22 10:32,10/5/22 10:32,"385,29",10/5/2022,user_300
8,30,4/26/22 20:44,Ativa,11/29/22 9:58,,"186,77",12/30/2022,user_3000
5,30,7/12/22 15:12,Ativa,11/15/22 17:44,,"186,46",12/14/2022,user_3005
2,30,5/5/22 15:33,Cancelada,7/12/22 10:04,7/12/22 10:04,"271,25",7/6/2022,user_3005
2,30,8/2/22 13:10,Cancelada,10/9/22 9:31,10/9/22 9:31,"358,59",10/3/2022,user_3008
1,30,1/1/22 17:52,Cancelada,1/17/22 0:34,1/17/22 0:34,"357,12",2/1/2022,user_3013
2,30,1/7/22 13:38,Cancelada,3/4/22 11:10,3/4/22 11:10,"270,97",3/10/2022,user_3014
7,30,5/26/23 13:47,Ativa,11/28/23 10:47,,"430,07",12/29/2024,user_3016
1,30,5/4/22 10:47,Cancelada,6/5/22 19:22,6/5/22 19:22,"470,84",6/4/2022,user_3018
5,30,7/26/23 14:59,Ativa,11/27/23 10:01,,"247,99",12/28/2024,user_3027
3,365,2/4/22 16:48,Ativa,5/3/22 10:36,,"537,62",03/05/2023,user_303
2,30,2/10/22 9:18,Cancelada,3/23/22 15:51,3/23/22 15:51,"139,4",4/10/2022,user_3030
1,30,1/6/22 21:46,Cancelada,1/28/22 8:20,1/28/22 8:20,"151,22",2/6/2022,user_3031
4,30,8/26/23 11:45,Ativa,11/27/23 10:08,,"13,5",12/28/2024,user_3039
1,365,3/4/22 0:15,Ativa,3/4/22 0:15,,"4032,29",04/03/2023,user_304
3,30,9/26/23 10:42,Ativa,11/27/23 9:46,,"173,28",12/28/2024,user_3052
1,30,11/26/23 21:10,Ativa,11/26/23 21:10,,"342,47",12/27/2024,user_3054
1,30,1/1/22 17:17,Cancelada,2/7/22 9:35,2/7/22 9:35,"283,01",2/1/2022,user_3055
1,30,6/7/22 11:31,Cancelada,7/14/22 9:31,7/14/22 9:31,"150,37",7/8/2022,user_3065
1,365,9/23/22 14:41,Ativa,9/30/22 9:50,,"5321,96",30/09/2023,user_3066
1,30,11/17/23 23:34,Ativa,11/17/23 23:34,,"112,71",12/18/2024,user_3067
1,30,8/8/22 10:20,Cancelada,9/8/22 10:32,9/8/22 10:32,"112,84",9/8/2022,user_3071
5,30,1/30/22 21:13,Cancelada,7/10/22 9:50,7/10/22 9:50,"417,25",7/4/2022,user_3074
1,365,4/4/22 8:41,Ativa,4/4/22 8:41,,"4362,27",04/04/2023,user_308
1,365,1/27/23 11:23,Ativa,1/27/23 11:23,,"2443,38",28/01/2024,user_3081
1,365,1/27/23 13:20,Ativa,1/27/23 13:21,,"1765,5",28/01/2024,user_3082
1,365,9/23/22 15:26,Ativa,9/30/22 11:02,,"2750,57",30/09/2023,user_3087
1,365,1/27/23 17:24,Ativa,1/27/23 17:26,,"2791,14",28/01/2024,user_3088
1,365,2/20/23 15:11,Ativa,2/20/23 15:11,,"2962,64",21/02/2024,user_3089
1,365,2/27/23 10:33,Ativa,2/27/23 10:34,,"1421,46",28/02/2024,user_3090
2,30,3/9/22 8:41,Cancelada,4/11/22 16:25,4/11/22 16:25,"461,83",5/10/2022,user_3091
1,365,2/27/23 12:35,Ativa,2/27/23 12:35,,"1462,51",28/02/2024,user_3094
1,365,2/27/23 12:57,Ativa,2/27/23 12:57,,"5854,41",28/02/2024,user_3099
1,365,2/27/23 17:24,Ativa,2/27/23 17:24,,"4690,34",28/02/2024,user_3102
1,365,2/27/23 17:34,Ativa,1/3/23 15:54,,"4640,39",28/02/2024,user_3104
2,365,3/27/22 14:52,Ativa,5/16/22 10:07,,"1116,56",16/05/2023,user_3111
1,30,3/8/22 16:01,Cancelada,3/27/22 12:22,3/27/22 12:22,"99,85",4/8/2022,user_3114
1,30,4/5/22 9:56,Cancelada,4/11/22 19:01,4/11/22 19:01,"184,04",5/6/2022,user_3115
8,30,4/27/22 14:54,Ativa,11/30/22 10:30,,"454,78",12/31/2022,user_3121
1,30,3/7/22 10:46,Cancelada,3/8/22 21:46,3/8/22 21:46,"381,12",4/7/2022,user_3124
1,30,1/4/22 23:40,Cancelada,2/10/22 9:45,2/10/22 9:45,"496,09",2/4/2022,user_3126
1,30,1/7/22 18:29,Cancelada,1/23/22 16:27,1/23/22 16:27,"6,11",2/7/2022,user_3129
1,365,4/4/22 16:26,Ativa,4/4/22 16:26,,"2736,84",04/04/2023,user_313
6,30,6/27/22 17:17,Ativa,11/29/22 10:34,,"77,27",12/30/2022,user_3130
1,30,3/10/22 11:37,Cancelada,3/10/22 12:47,3/10/22 12:47,"356,5",4/10/2022,user_3134
2,30,9/5/22 16:06,Cancelada,11/6/22 10:31,11/6/22 10:31,"57,86",11/6/2022,user_3139
8,30,2/13/22 0:28,Cancelada,9/13/22 9:57,9/13/22 9:56,"229,42",10/13/2022,user_3142
1,30,1/5/22 21:18,Cancelada,2/11/22 9:45,2/11/22 9:45,"162,49",2/5/2022,user_3164
1,365,2/16/22 12:46,Ativa,2/16/22 12:47,,"4184,29",17/02/2023,user_3178
1,30,11/27/23 9:54,Ativa,11/27/23 9:54,,"447,67",12/28/2024,user_3179
1,30,5/4/22 17:56,Cancelada,5/17/22 19:44,5/17/22 19:44,"95,58",6/4/2022,user_3192
1,365,1/11/22 13:00,Ativa,1/11/22 13:00,,"3401,38",12/01/2023,user_3197
1,365,4/4/22 16:52,Ativa,4/4/22 16:52,,"341,09",04/04/2023,user_320
1,30,2/2/22 12:52,Cancelada,3/11/22 9:46,3/11/22 9:46,"481,55",3/5/2022,user_3205
1,30,6/5/22 19:35,Cancelada,7/12/22 9:54,7/12/22 9:54,"486,88",7/6/2022,user_3206
1,30,11/27/23 19:18,Ativa,11/27/23 19:18,,"128,73",12/28/2024,user_3208
1,30,5/8/22 15:38,Cancelada,6/8/22 10:30,6/8/22 10:30,"362,11",6/8/2022,user_3211
1,30,1/4/22 20:39,Cancelada,2/10/22 9:40,2/10/22 9:40,"230,91",2/4/2022,user_3212
1,365,5/17/22 14:43,Ativa,5/17/22 14:53,,"1452,26",17/05/2023,user_3218
1,365,2/28/23 19:14,Ativa,2/28/23 19:16,,"113,96",29/02/2024,user_3220
1,365,2/28/23 21:18,Ativa,2/28/23 21:18,,"4092,32",29/02/2024,user_3223
1,365,5/16/22 15:42,Ativa,5/16/22 15:43,,"640,61",16/05/2023,user_3225
1,365,4/28/23 10:31,Ativa,4/28/23 10:32,,"1187,45",28/04/2024,user_3227
1,365,4/28/23 16:20,Ativa,4/28/23 17:10,,"3931,63",28/04/2024,user_3229
1,365,1/4/22 12:36,Cancelada,1/11/22 21:56,1/11/22 21:56,"4228,09",05/01/2023,user_3232
2,30,1/5/22 10:12,Cancelada,2/6/22 10:06,2/6/22 10:06,"76,07",3/8/2022,user_3233
1,365,5/28/23 11:08,Ativa,5/28/23 11:08,,"2695,41",28/05/2024,user_3236
1,30,1/6/22 15:46,Cancelada,1/21/22 16:04,1/21/22 16:04,"433,71",2/6/2022,user_3237
1,365,6/28/23 9:17,Ativa,6/28/23 9:17,,"4115,83",28/06/2024,user_3238
1,365,6/28/23 9:32,Ativa,6/28/23 9:33,,"2629,69",28/06/2024,user_3239
6,30,6/28/22 22:20,Ativa,11/30/22 9:43,,"172,75",12/31/2022,user_3246
6,30,6/9/22 11:11,Ativa,11/11/22 9:41,,"276,95",12/12/2022,user_3248
1,30,4/7/22 21:15,Cancelada,5/14/22 9:45,5/14/22 9:45,"35,54",5/8/2022,user_3250
1,30,3/6/22 20:42,Cancelada,4/12/22 9:47,4/12/22 9:47,"202,27",4/6/2022,user_3256
3,30,9/28/22 9:32,Ativa,11/29/22 10:19,,"154,43",12/30/2022,user_3258
1,360,6/4/22 15:36,Ativa,6/12/22 0:43,,"3525,6",04/06/2023,user_326
3,30,9/28/22 14:15,Ativa,11/29/22 9:59,,"235,31",12/30/2022,user_3270
2,30,8/30/22 7:23,Cancelada,11/6/22 9:34,11/6/22 9:34,"344,06",10/31/2022,user_3279
1,30,1/7/22 19:55,Cancelada,2/13/22 9:40,2/13/22 9:40,"475,1",2/7/2022,user_3281
1,365,9/25/22 14:08,Ativa,10/2/22 10:42,,"2246,97",02/10/2023,user_3283
1,365,6/4/22 16:35,Ativa,6/4/22 16:38,,"2759,14",04/06/2023,user_329
2,30,1/7/22 11:12,Cancelada,3/16/22 9:51,3/16/22 9:51,"21,39",3/10/2022,user_3290
4,30,3/3/22 14:43,Cancelada,7/11/22 9:46,7/11/22 9:46,"237,62",7/5/2022,user_3293
2,30,6/3/22 14:39,Cancelada,8/10/22 10:35,8/10/22 10:35,"336,25",8/4/2022,user_3294
1,30,11/28/23 14:23,Ativa,11/28/23 14:24,,"310,21",12/29/2024,user_3297
1,30,7/3/22 10:43,Cancelada,7/10/22 18:17,7/10/22 18:17,"22,31",8/3/2022,user_330
1,30,11/28/23 16:11,Ativa,11/28/23 16:12,,"200,72",12/29/2024,user_3301
10,30,2/13/23 19:42,Ativa,11/19/23 10:42,,"160,94",12/20/2024,user_3302
2,30,9/2/22 7:07,Cancelada,11/9/22 10:13,11/9/22 10:13,"46,69",11/3/2022,user_3305
1,30,11/28/23 16:59,Ativa,11/28/23 16:59,,"110,23",12/29/2024,user_3306
1,30,4/3/22 22:50,Cancelada,5/10/22 9:40,5/10/22 9:40,"399,9",5/4/2022,user_331
1,30,11/28/23 17:06,Ativa,11/28/23 17:07,,"72,44",12/29/2024,user_3310
2,30,2/1/22 16:45,Cancelada,3/21/22 14:35,3/21/22 14:35,"61,18",4/4/2022,user_3313
1,365,8/4/22 10:17,Ativa,8/4/22 10:17,,"461,74",04/08/2023,user_332
1,365,1/29/23 17:40,Ativa,1/29/23 17:41,,"2014,13",30/01/2024,user_3322
1,365,1/29/22 20:16,Ativa,1/29/22 20:32,,"4078,29",30/01/2023,user_3323
1,30,2/7/22 16:47,Cancelada,3/16/22 9:51,3/16/22 9:51,"16,34",3/10/2022,user_3324
1,365,3/29/23 13:45,Ativa,3/29/23 13:45,,"2362,73",29/03/2024,user_3325
1,30,9/6/22 10:08,Cancelada,10/13/22 10:48,10/13/22 10:48,"408,17",10/7/2022,user_3327
11,30,1/9/22 10:29,Ativa,11/15/22 9:46,,"445,32",12/16/2022,user_3328
1,365,8/4/22 17:09,Ativa,8/4/22 17:09,,"3113,01",04/08/2023,user_333
1,365,4/29/23 15:41,Ativa,4/29/23 16:02,,"812,11",29/04/2024,user_3330
2,30,6/7/22 16:46,Cancelada,8/4/22 17:15,8/4/22 17:15,"465,15",8/7/2022,user_3331
1,30,6/9/22 8:37,Cancelada,7/10/22 10:30,7/10/22 10:30,"153,3",7/10/2022,user_3333
1,30,1/9/22 19:14,Cancelada,2/15/22 9:44,2/15/22 9:44,"167,54",2/9/2022,user_3337
1,360,5/29/23 20:33,Ativa,6/6/23 2:06,,"1371,71",29/05/2024,user_3340
2,30,1/6/22 16:33,Cancelada,2/14/22 12:45,2/14/22 12:45,"418,6",3/9/2022,user_3341
1,360,5/29/23 20:34,Ativa,6/6/23 2:06,,"5875,46",29/05/2024,user_3342
6,30,5/26/22 11:38,Ativa,11/11/22 10:19,,"98,76",12/12/2022,user_3347
1,360,5/29/23 20:35,Ativa,6/6/23 2:22,,"3167,23",29/05/2024,user_3348
1,30,1/8/22 15:47,Cancelada,1/14/22 11:11,1/14/22 11:11,"335,76",2/8/2022,user_3349
1,30,5/8/22 21:46,Cancelada,6/7/22 19:22,6/7/22 19:22,"276,48",6/8/2022,user_3354
1,30,2/1/22 9:13,Cancelada,3/1/22 18:33,3/1/22 18:33,"267,53",3/4/2022,user_3356
1,360,5/29/23 20:36,Ativa,6/6/23 2:22,,"1200,66",29/05/2024,user_3357
1,30,11/16/23 10:21,Ativa,11/16/23 10:21,,"449,97",12/17/2024,user_3358
1,30,3/5/22 20:11,Cancelada,4/11/22 9:52,4/11/22 9:52,"197,08",4/5/2022,user_3364
3,30,1/3/22 9:53,Cancelada,3/13/22 17:19,3/13/22 17:19,"455,52",4/6/2022,user_3369
1,360,5/29/23 20:36,Ativa,6/6/23 2:22,,"4515,44",29/05/2024,user_3371
1,360,5/29/23 20:36,Ativa,6/6/23 2:22,,"5966,25",29/05/2024,user_3376
1,360,5/29/22 21:03,Ativa,6/6/22 2:23,,"398,45",30/05/2023,user_3380
1,365,6/29/23 10:54,Ativa,6/29/23 10:54,,"5974,28",29/06/2024,user_3381
1,365,6/29/23 11:11,Ativa,6/29/23 11:11,,"3117,52",29/06/2024,user_3383
1,365,6/29/23 15:06,Ativa,6/29/23 15:17,,4831,29/06/2024,user_3384
1,30,5/4/22 15:44,Cancelada,5/5/22 9:53,5/5/22 9:53,"209,84",6/4/2022,user_3385
7,30,3/2/22 21:21,Cancelada,10/9/22 11:01,10/9/22 11:01,"331,24",10/5/2022,user_3385
1,365,6/29/23 15:09,Ativa,6/29/23 15:09,,"1039,59",29/06/2024,user_3386
3,30,7/5/22 8:22,Cancelada,10/12/22 10:14,10/12/22 10:14,"195,57",10/6/2022,user_3391
1,365,2/10/22 8:56,Ativa,2/10/22 8:56,,"3150,96",11/02/2023,user_3401
2,30,5/3/22 22:26,Cancelada,6/30/22 16:53,6/30/22 16:53,"473,25",7/4/2022,user_3404
1,30,9/4/22 10:41,Cancelada,9/11/22 11:03,9/11/22 11:03,"28,65",10/5/2022,user_3410
1,30,7/3/22 8:38,Cancelada,7/24/22 10:32,7/24/22 10:32,"278,36",8/3/2022,user_3411
1,365,11/29/23 18:53,Ativa,11/29/23 18:53,,"2953,57",29/11/2024,user_3417
1,30,11/30/22 12:46,Ativa,11/30/22 12:47,,"147,96",12/31/2022,user_3423
1,365,1/30/22 11:12,Ativa,1/30/22 11:12,,"490,13",31/01/2023,user_3424
1,365,1/30/22 12:35,Ativa,1/30/22 12:36,,"946,51",31/01/2023,user_3429
1,365,1/30/22 14:04,Ativa,1/30/22 14:05,,"3499,44",31/01/2023,user_3430
1,360,1/30/22 15:26,Ativa,2/7/22 2:05,,"1307,76",30/01/2023,user_3432
1,365,1/30/22 16:17,Ativa,1/30/22 16:19,,"4490,6",31/01/2023,user_3433
1,365,1/30/22 16:42,Ativa,1/30/22 16:42,,"3790,62",31/01/2023,user_3437
3,30,3/7/22 16:28,Cancelada,6/14/22 9:31,6/14/22 9:31,"224,82",6/8/2022,user_3446
1,30,2/7/22 14:39,Cancelada,3/16/22 9:37,3/16/22 9:37,"218,89",3/10/2022,user_3450
1,365,1/30/22 21:10,Ativa,1/30/22 21:11,,"3580,81",31/01/2023,user_3452
2,30,6/9/22 16:29,Cancelada,8/10/22 10:32,8/10/22 10:32,"130,98",8/10/2022,user_3455
1,365,1/30/22 21:25,Ativa,1/30/22 21:25,,"978,79",31/01/2023,user_3456
1,365,8/31/22 17:45,Cancelada,9/4/22 18:34,9/4/22 18:34,"1973,12",31/08/2023,user_3464
7,30,5/16/23 14:27,Ativa,11/18/23 10:02,,158,12/19/2024,user_3466
1,30,2/6/22 23:47,Cancelada,2/28/22 13:03,2/28/22 13:03,"301,47",3/7/2022,user_3469
1,30,4/4/22 10:05,Cancelada,5/9/22 17:15,5/9/22 17:15,"271,9",5/5/2022,user_347
4,30,5/5/22 9:56,Cancelada,9/6/22 10:33,9/6/22 10:33,"163,86",9/6/2022,user_347
1,360,3/30/22 19:24,Ativa,4/7/22 1:44,,"717,09",30/03/2023,user_3470
1,365,3/30/22 20:56,Ativa,3/30/22 20:57,,"779,22",30/03/2023,user_3474
1,365,5/30/22 11:42,Ativa,5/30/22 11:42,,"2002,7",30/05/2023,user_3486
1,365,6/28/23 15:22,Ativa,6/28/23 15:23,,"3097,38",28/06/2024,user_3487
1,30,1/6/22 12:47,Cancelada,2/12/22 9:33,2/12/22 9:33,"249,64",2/6/2022,user_3489
1,365,6/30/22 17:39,Ativa,6/30/22 17:43,,"510,02",30/06/2023,user_3494
2,30,1/6/22 17:27,Cancelada,3/15/22 9:32,3/15/22 9:32,"428,68",3/9/2022,user_3497
1,365,8/30/22 19:06,Ativa,8/30/22 19:06,,"1418,73",30/08/2023,user_3498
1,30,10/8/22 10:35,Cancelada,10/13/22 17:27,10/13/22 17:27,"353,39",11/8/2022,user_3509
2,30,6/30/22 18:38,Cancelada,9/6/22 9:41,9/6/22 9:41,"270,3",8/31/2022,user_3513
1,365,9/28/23 11:00,Ativa,9/28/23 11:00,,"852,94",28/09/2024,user_3514
2,30,2/2/22 9:48,Cancelada,3/20/22 16:57,3/20/22 16:57,"360,32",4/5/2022,user_3518
4,30,1/2/22 10:44,Cancelada,5/11/22 16:40,5/11/22 16:40,"18,61",5/6/2022,user_3521
1,30,11/28/23 9:04,Ativa,11/28/23 9:04,,"476,12",12/29/2024,user_3524
1,365,11/28/23 10:18,Ativa,11/28/23 10:19,,"3011,02",28/11/2024,user_3525
1,30,6/2/22 19:13,Cancelada,6/7/22 19:04,6/7/22 19:04,"475,35",7/3/2022,user_3528
1,365,3/27/22 12:54,Ativa,4/15/22 11:21,,"4397,38",15/04/2023,user_3529
1,365,11/28/23 10:37,Ativa,11/28/23 10:37,,"3112,37",28/11/2024,user_3530
1,365,11/28/23 15:20,Ativa,11/28/23 15:20,,"721,54",28/11/2024,user_3531
3,30,9/29/22 13:48,Ativa,11/30/22 10:11,,"181,13",12/31/2022,user_3533
1,365,11/29/23 21:35,Ativa,11/29/23 21:35,,"357,31",29/11/2024,user_3539
2,30,10/11/22 13:56,Ativa,11/11/22 9:41,,"120,88",12/12/2022,user_3542
1,30,4/5/22 8:09,Cancelada,5/12/22 9:40,5/12/22 9:40,"93,89",5/6/2022,user_3543
1,30,5/30/22 14:50,Ativa,11/24/22 3:03,,"202,34",12/16/2022,user_3544
1,30,2/3/22 12:52,Cancelada,2/9/22 18:58,2/9/22 18:58,415,3/6/2022,user_3548
1,365,11/30/22 10:40,Ativa,11/30/22 10:40,,"5596,84",30/11/2023,user_3549
3,30,8/6/22 16:43,Cancelada,11/13/22 9:43,11/13/22 9:43,"283,26",11/7/2022,user_3552
1,365,11/30/22 14:02,Ativa,11/30/22 14:02,,"319,3",30/11/2023,user_3554
1,30,7/6/22 11:30,Cancelada,8/6/22 10:30,8/6/22 10:30,"189,53",8/6/2022,user_3555
1,730,11/30/22 14:18,Ativa,11/30/22 14:18,,"5922,55",30/11/2025,user_3559
3,30,2/1/22 12:59,Cancelada,4/5/22 18:04,4/5/22 18:04,"104,85",5/5/2022,user_3565
1,365,11/30/22 15:10,Ativa,11/30/22 15:10,,"3050,24",30/11/2023,user_3569
2,30,1/2/22 14:58,Cancelada,3/6/22 14:26,3/6/22 14:26,"39,24",3/5/2022,user_3571
1,30,3/6/22 17:43,Cancelada,4/12/22 9:53,4/12/22 9:53,"279,88",4/6/2022,user_3571
1,365,11/30/22 16:33,Ativa,11/30/22 16:33,,"1612,99",30/11/2023,user_3572
1,365,11/30/22 16:53,Ativa,11/30/22 16:54,,"5870,49",30/11/2023,user_3573
1,365,5/5/22 18:10,Cancelada,5/9/22 15:53,5/9/22 15:53,"3646,23",05/05/2023,user_3577
1,360,1/5/22 1:55,Ativa,1/12/22 22:25,,"963,23",05/01/2023,user_358
3,30,4/6/22 14:33,Cancelada,7/8/22 10:30,7/8/22 10:30,"9,45",7/8/2022,user_3584
1,365,11/30/22 17:21,Ativa,11/30/22 17:21,,"4430,98",30/11/2023,user_3585
3,30,1/6/22 12:31,Cancelada,4/15/22 9:39,4/15/22 9:39,"133,32",4/9/2022,user_3586
3,30,1/4/22 15:46,Cancelada,4/13/22 9:35,4/13/22 9:35,"82,17",4/7/2022,user_3591
1,365,11/30/22 23:39,Ativa,11/30/22 23:39,,"4156,88",30/11/2023,user_3596
9,30,10/3/23 18:21,Ativa,11/27/23 10:10,,"25,61",12/28/2024,user_3597
1,365,1/31/22 6:49,Ativa,1/31/22 6:49,,"5049,37",01/02/2023,user_3598
1,365,1/31/22 11:08,Ativa,1/31/22 11:08,,"514,78",01/02/2023,user_3599
1,365,1/31/22 11:54,Ativa,1/31/22 11:54,,"4791,71",01/02/2023,user_3600
1,30,2/7/22 16:06,Cancelada,3/16/22 9:48,3/16/22 9:48,"246,03",3/10/2022,user_3602
1,30,4/9/22 17:31,Cancelada,5/16/22 9:30,5/16/22 9:30,"284,08",5/10/2022,user_3603
1,365,1/31/22 13:28,Ativa,1/31/22 13:28,,"1600,36",01/02/2023,user_3605
1,365,1/31/22 15:05,Ativa,1/31/22 15:05,,"2433,25",01/02/2023,user_3608
1,365,1/5/22 9:46,Ativa,1/5/22 9:46,,"2748,83",06/01/2023,user_361
1,365,1/31/22 17:16,Ativa,2/7/22 22:10,,"3639,18",08/02/2023,user_3610
1,365,3/31/22 2:13,Ativa,3/31/22 2:13,,"1631,74",31/03/2023,user_3613
1,30,1/9/22 7:31,Cancelada,2/15/22 9:46,2/15/22 9:46,"295,49",2/9/2022,user_362
1,30,3/8/22 12:53,Cancelada,3/8/22 13:07,3/8/22 13:07,"496,41",4/8/2022,user_3623
1,30,2/7/22 9:45,Cancelada,3/8/22 8:53,3/8/22 8:53,"325,2",3/10/2022,user_3624
1,365,8/31/22 17:42,Ativa,8/31/22 17:43,,"2586,21",31/08/2023,user_3631
1,30,1/6/22 12:09,Cancelada,2/12/22 9:43,2/12/22 9:43,"247,76",2/6/2022,user_3641
1,30,2/6/22 14:03,Cancelada,3/15/22 9:39,3/15/22 9:39,"387,03",3/9/2022,user_3641
1,360,5/31/22 14:41,Ativa,6/8/22 1:05,,"4167,88",31/05/2023,user_3644
3,30,1/31/22 12:45,Cancelada,5/10/22 9:54,5/10/22 9:54,"358,51",5/4/2022,user_3649
1,30,5/4/22 22:25,Cancelada,6/10/22 9:31,6/10/22 9:31,"361,13",6/4/2022,user_3657
2,30,8/6/22 15:26,Cancelada,10/7/22 10:35,10/7/22 10:35,"151,23",10/7/2022,user_3658
1,365,7/31/22 15:27,Ativa,7/31/22 15:28,,"5115,74",31/07/2023,user_3660
5,30,4/14/22 15:45,Cancelada,10/11/22 9:49,10/11/22 9:49,"438,21",10/5/2022,user_3669
10,30,5/1/23 10:36,Ativa,11/21/23 13:55,,"410,38",12/20/2024,user_367
1,365,8/31/22 2:32,Ativa,8/31/22 2:32,,"5134,41",31/08/2023,user_3670
1,30,1/6/22 18:42,Cancelada,2/12/22 9:42,2/12/22 9:42,"339,32",2/6/2022,user_3680
2,30,2/4/22 18:21,Cancelada,4/13/22 9:34,4/13/22 9:34,"147,98",4/7/2022,user_3684
2,30,3/7/22 20:50,Cancelada,5/14/22 9:39,5/14/22 9:39,"308,52",5/8/2022,user_3684
5,30,3/31/22 9:54,Cancelada,7/12/22 10:31,7/12/22 10:31,"249,81",8/3/2022,user_3686
1,365,1/5/22 11:01,Ativa,1/5/22 11:01,,"956,49",06/01/2023,user_370
1,30,1/6/22 17:58,Cancelada,1/17/22 15:18,1/17/22 15:18,"129,34",2/6/2022,user_375
1,365,3/1/22 7:31,Ativa,3/1/22 7:31,,"5662,49",01/03/2023,user_38
1,365,1/5/22 12:50,Ativa,1/5/22 12:55,,"597,69",06/01/2023,user_384
1,365,2/5/22 23:26,Ativa,2/5/22 23:26,,"5216,93",06/02/2023,user_386
1,365,3/5/22 3:53,Ativa,3/5/22 3:53,,"3686,79",05/03/2023,user_389
1,365,4/5/22 10:05,Ativa,4/5/22 10:06,,"5845,54",05/04/2023,user_399
1,365,3/1/22 10:16,Ativa,3/1/22 10:16,,"2157,05",01/03/2023,user_40
1,30,9/4/22 20:42,Cancelada,10/9/22 15:30,10/9/22 15:30,"204,53",10/5/2022,user_401
1,365,4/5/22 14:23,Ativa,4/5/22 14:23,,"2941,83",05/04/2023,user_404
1,365,4/5/22 19:24,Ativa,4/5/22 19:24,,"3103,85",05/04/2023,user_410
9,30,3/22/22 17:31,Atrasada,11/22/22 10:36,,"492,75",12/22/2022,user_414
1,365,3/1/22 14:27,Ativa,3/1/22 14:27,,"4185,79",01/03/2023,user_42
1,365,4/5/22 20:38,Ativa,4/5/22 20:38,,"1779,34",05/04/2023,user_422
1,365,5/5/22 12:57,Ativa,5/5/22 12:57,,"5952,07",05/05/2023,user_423
1,30,7/5/22 20:56,Cancelada,7/11/22 18:18,7/11/22 18:18,"124,71",8/5/2022,user_424
1,365,6/5/22 13:44,Ativa,6/5/22 13:45,,"1426,84",05/06/2023,user_435
1,30,1/4/22 16:03,Cancelada,2/10/22 9:30,2/10/22 9:30,"224,65",2/4/2022,user_436
1,365,3/8/22 18:57,Ativa,3/8/22 18:57,,"4504,59",08/03/2023,user_438
1,365,3/1/22 17:08,Ativa,3/1/22 17:10,,"4000,6",01/03/2023,user_44
1,365,6/5/22 17:53,Ativa,6/5/22 17:53,,"5966,4",05/06/2023,user_446
1,30,7/6/22 12:26,Cancelada,8/6/22 10:30,8/6/22 10:30,"225,91",8/6/2022,user_447
1,365,3/1/22 17:41,Ativa,8/30/22 15:48,,"4023,83",01/03/2023,user_45
1,365,6/5/22 22:21,Ativa,6/5/22 22:24,,"914,13",05/06/2023,user_450
1,365,3/1/22 20:47,Ativa,3/1/22 20:47,,"1262,3",01/03/2023,user_46
1,365,9/5/22 16:53,Ativa,9/5/22 16:53,,"2410,28",05/09/2023,user_461
1,30,1/7/22 15:05,Cancelada,2/1/22 15:06,2/1/22 15:06,"166,75",2/7/2022,user_468
1,365,3/1/22 21:03,Ativa,3/1/22 21:03,,"773,56",01/03/2023,user_47
3,30,9/28/22 19:51,Ativa,11/29/22 19:04,,"171,31",12/30/2022,user_470
11,30,1/6/22 9:22,Ativa,11/14/22 13:32,,"24,35",12/13/2022,user_471
11,30,1/6/22 9:34,Ativa,11/12/22 9:41,,"126,82",12/13/2022,user_472
11,30,1/6/22 10:11,Ativa,11/12/22 9:45,,"223,07",12/13/2022,user_473
1,365,1/6/22 11:01,Ativa,1/6/22 11:01,,"4440,59",07/01/2023,user_475
1,365,6/7/22 21:52,Cancelada,6/12/22 17:30,6/12/22 17:30,"1892,57",07/06/2023,user_48
1,365,1/6/22 14:15,Ativa,1/6/22 14:15,,"2050,19",07/01/2023,user_480
1,30,1/6/22 3:11,Cancelada,1/22/22 18:20,1/22/22 18:20,"439,62",2/6/2022,user_482
1,365,4/1/22 15:54,Ativa,4/1/22 15:54,,"2182,26",01/04/2023,user_49
1,365,1/6/22 14:29,Ativa,1/6/22 14:31,,"2435,65",07/01/2023,user_490
1,365,1/6/22 19:04,Ativa,1/6/22 19:04,,"145,88",07/01/2023,user_491
1,365,1/6/22 19:30,Ativa,1/6/22 19:30,,"694,22",07/01/2023,user_495
1,365,1/6/22 21:33,Ativa,1/6/22 21:38,,"3462,84",07/01/2023,user_496
1,365,2/6/22 11:11,Ativa,2/6/22 11:12,,"4171,62",07/02/2023,user_497
1,365,2/6/22 13:13,Ativa,2/6/22 13:13,,"16,22",07/02/2023,user_500
1,365,2/6/22 13:30,Ativa,2/6/22 13:30,,"3532,44",07/02/2023,user_503
1,365,2/6/22 13:51,Ativa,2/6/22 13:55,,"5776,62",07/02/2023,user_504
10,30,2/6/22 16:37,Ativa,11/12/22 9:47,,"406,84",12/13/2022,user_507
1,365,2/6/22 16:54,Ativa,2/6/22 16:55,,"2652,21",07/02/2023,user_511
1,365,3/6/22 10:07,Ativa,3/6/22 10:10,,"3119,71",06/03/2023,user_512
1,30,9/30/22 21:26,Cancelada,11/6/22 10:13,11/6/22 10:13,"346,98",10/31/2022,user_513
1,365,3/6/22 19:49,Ativa,3/6/22 19:50,,"3739,77",06/03/2023,user_517
1,365,5/17/22 10:04,Ativa,5/17/22 10:04,,"800,77",17/05/2023,user_518
1,365,5/6/22 18:24,Ativa,8/26/22 14:28,,"5534,09",06/05/2023,user_522
1,365,6/6/22 8:53,Ativa,8/16/22 10:36,,"4979,38",06/06/2023,user_525
1,360,6/6/22 13:42,Ativa,6/14/22 2:03,,"5518,7",06/06/2023,user_527
2,30,7/30/22 21:31,Cancelada,10/13/22 10:28,10/13/22 10:28,"476,07",10/7/2022,user_531
1,30,3/6/22 17:15,Cancelada,3/20/22 9:42,3/20/22 9:42,"453,94",4/6/2022,user_535
6,30,6/14/23 11:29,Ativa,11/16/23 9:53,,"19,81",12/17/2024,user_538
1,30,2/7/22 13:08,Cancelada,3/16/22 9:44,3/16/22 9:44,"453,87",3/10/2022,user_539
1,365,4/1/22 17:41,Ativa,4/1/22 17:42,,"1253,26",01/04/2023,user_54
2,30,1/9/22 13:37,Cancelada,2/13/22 17:18,2/13/22 17:18,"498,98",3/9/2022,user_545
1,365,7/6/22 14:56,Ativa,7/6/22 14:56,,"2173,13",06/07/2023,user_546
1,365,11/6/22 10:07,Ativa,11/6/22 10:07,,"5877,16",06/11/2023,user_548
3,365,1/5/23 18:20,Ativa,7/28/23 11:31,,"967,86",28/07/2024,user_55
1,30,4/5/22 17:19,Cancelada,5/6/22 10:30,5/6/22 10:30,"228,26",5/6/2022,user_557
1,365,1/7/22 0:09,Ativa,1/7/22 0:12,,"3546,16",08/01/2023,user_561
1,30,2/6/22 13:59,Cancelada,2/11/22 13:33,2/11/22 13:33,"175,95",3/9/2022,user_565
1,365,1/7/22 0:18,Ativa,1/7/22 0:18,,"4878,32",08/01/2023,user_568
3,30,4/3/22 22:05,Cancelada,7/11/22 9:43,7/11/22 9:43,"349,12",7/5/2022,user_572
1,365,1/7/22 2:19,Ativa,1/7/22 2:19,,"886,11",08/01/2023,user_574
5,30,2/3/22 12:17,Cancelada,7/14/22 10:13,7/14/22 10:13,"31,32",7/8/2022,user_575
2,30,9/2/22 15:35,Cancelada,10/3/22 18:36,10/3/22 18:36,"216,14",11/3/2022,user_577
1,365,1/7/22 6:57,Ativa,7/17/22 16:42,,"4638,5",08/01/2023,user_579
1,365,2/7/22 10:43,Ativa,2/7/22 10:43,,"4472,39",08/02/2023,user_583
1,365,2/7/22 14:15,Ativa,2/7/22 14:15,,"2398,81",08/02/2023,user_587
1,365,2/7/22 14:26,Ativa,2/7/22 14:26,,"886,85",08/02/2023,user_588
1,30,11/7/22 10:06,Cancelada,11/16/22 18:47,11/16/22 18:47,"342,47",12/8/2022,user_589
1,30,9/5/22 6:24,Cancelada,10/12/22 9:32,10/12/22 9:32,"248,89",10/6/2022,user_590
1,30,1/8/22 18:17,Cancelada,2/14/22 9:51,2/14/22 9:51,"290,54",2/8/2022,user_590
1,365,2/7/22 18:51,Ativa,2/7/22 18:51,,"583,55",08/02/2023,user_592
10,30,2/7/22 21:44,Ativa,11/13/22 10:13,,"120,78",12/14/2022,user_593
1,30,5/10/22 15:07,Cancelada,6/10/22 10:30,6/10/22 10:30,"228,53",6/10/2022,user_599
1,30,9/12/22 8:02,Cancelada,10/19/22 9:57,10/19/22 9:57,"218,79",10/13/2022,user_6
2,30,1/6/22 18:55,Cancelada,3/17/22 9:39,3/17/22 9:39,"79,48",3/9/2022,user_60
1,365,2/7/22 22:53,Ativa,2/7/22 22:53,,"2422,76",08/02/2023,user_605
1,365,3/7/22 16:44,Ativa,3/7/22 16:44,,"2398,87",07/03/2023,user_606
1,365,6/7/22 10:57,Ativa,8/4/22 9:39,,"2394,97",07/06/2023,user_610
1,360,6/7/22 18:55,Ativa,6/15/22 3:03,,"2590,56",07/06/2023,user_611
1,360,8/7/22 18:34,Ativa,8/15/22 3:24,,"420,25",07/08/2023,user_613
1,30,2/2/22 21:20,Cancelada,3/11/22 9:51,3/11/22 9:51,"363,17",3/5/2022,user_614
1,30,4/2/22 14:24,Cancelada,5/16/22 10:01,5/16/22 10:01,"326,71",5/10/2022,user_615
1,365,6/12/22 17:07,Ativa,6/12/22 17:07,,"2432,24",12/06/2023,user_617
1,360,6/1/22 20:10,Ativa,6/9/22 3:05,,"3937,98",01/06/2023,user_62
1,365,7/6/22 13:28,Ativa,7/6/22 13:48,,"3637,85",06/07/2023,user_622
2,30,5/5/22 13:17,Cancelada,7/11/22 16:28,7/11/22 16:28,"132,52",7/6/2022,user_622
11,30,1/8/22 9:13,Ativa,11/14/22 10:17,,"351,61",12/15/2022,user_623
1,365,1/8/22 21:52,Ativa,1/8/22 21:54,,"175,14",09/01/2023,user_628
1,30,3/7/22 9:06,Cancelada,3/8/22 13:39,3/8/22 13:39,"9,56",4/7/2022,user_634
10,30,2/8/22 10:36,Ativa,11/14/22 10:05,,"421,39",12/15/2022,user_636
1,30,6/7/22 18:49,Cancelada,7/14/22 9:40,7/14/22 9:40,"186,61",7/8/2022,user_637
1,365,2/8/22 11:17,Ativa,2/21/22 18:35,,"1337,18",09/02/2023,user_638
1,365,2/8/22 11:28,Ativa,2/8/22 11:28,,"483,19",09/02/2023,user_639
1,30,2/4/22 15:40,Cancelada,3/13/22 9:48,3/13/22 9:48,"33,07",3/7/2022,user_643
1,365,7/10/22 14:23,Ativa,7/10/22 14:23,,"1197,58",10/07/2023,user_644
4,30,3/3/22 13:35,Cancelada,7/10/22 14:25,7/10/22 14:25,"428,14",7/5/2022,user_644
2,30,5/4/22 14:18,Cancelada,7/11/22 9:31,7/11/22 9:31,"386,73",7/5/2022,user_647
10,30,2/8/22 16:30,Ativa,11/14/22 9:51,,"228,2",12/15/2022,user_648
1,365,2/8/22 19:35,Ativa,2/8/22 19:36,,"920,21",09/02/2023,user_649
1,365,3/8/22 13:44,Ativa,3/8/22 13:44,,"2597,91",08/03/2023,user_650
1,365,3/8/22 15:07,Ativa,3/8/22 15:07,,"4688,88",08/03/2023,user_653
7,30,5/10/22 17:35,Ativa,11/12/22 9:46,,"447,85",12/13/2022,user_656
3,30,2/6/22 16:34,Cancelada,4/13/22 18:52,4/13/22 18:52,"14,48",5/10/2022,user_656
1,30,5/8/22 15:06,Cancelada,6/14/22 9:32,6/14/22 9:32,"196,28",6/8/2022,user_657
4,30,1/8/23 12:41,Ativa,11/28/23 16:15,,"410,5",12/29/2024,user_66
1,30,3/6/22 12:33,Cancelada,3/8/22 16:16,3/8/22 16:16,"493,67",4/6/2022,user_660
1,365,5/8/22 10:50,Ativa,5/8/22 10:51,,"1664,04",08/05/2023,user_667
1,365,5/8/22 11:40,Ativa,5/8/22 11:40,,"488,22",08/05/2023,user_676
3,30,9/18/23 13:42,Ativa,11/19/23 10:39,,"483,19",12/20/2024,user_677
4,30,1/6/22 15:02,Cancelada,4/14/22 18:24,4/14/22 18:24,"359,81",5/10/2022,user_678
3,30,9/15/23 12:57,Ativa,11/16/23 9:57,,"0,69",12/17/2024,user_679
1,365,7/8/22 12:20,Ativa,7/8/22 12:20,,"1802,42",08/07/2023,user_680
1,365,8/8/22 9:05,Ativa,8/8/22 9:05,,"2231,51",08/08/2023,user_686
1,365,6/30/22 10:03,Ativa,6/30/22 10:03,,"5152,66",30/06/2023,user_687
1,365,9/8/22 11:07,Ativa,9/8/22 11:07,,"2016,61",08/09/2023,user_690
6,30,6/13/22 0:26,Ativa,11/15/22 9:53,,"147,04",12/16/2022,user_691
1,30,1/6/22 8:26,Cancelada,2/12/22 9:45,2/12/22 9:45,"495,95",2/6/2022,user_693
5,30,3/3/22 11:12,Cancelada,8/11/22 9:40,8/11/22 9:40,"188,37",8/5/2022,user_694
1,30,6/6/22 8:04,Cancelada,7/7/22 10:30,7/7/22 10:30,"122,44",7/7/2022,user_698
1,365,1/2/22 9:54,Ativa,1/2/22 9:58,,"5858,76",03/01/2023,user_70
1,365,1/6/22 13:42,Cancelada,2/15/22 16:32,2/15/22 16:32,"996,29",07/01/2023,user_700
11,30,1/9/22 9:59,Ativa,11/15/22 9:32,,"461,38",12/16/2022,user_701
1,365,1/9/22 10:20,Ativa,1/9/22 10:20,,"5065,41",10/01/2023,user_705
1,365,1/9/22 10:50,Ativa,1/9/22 10:50,,"452,15",10/01/2023,user_712
1,365,1/9/22 15:19,Ativa,1/9/22 15:19,,"645,71",10/01/2023,user_714
1,365,11/29/23 13:14,Ativa,11/29/23 13:14,,"705,15",29/11/2024,user_717
6,30,4/28/22 16:03,Upgrade,11/6/22 10:08,11/6/22 10:08,"319,85",10/31/2022,user_717
1,365,2/9/22 8:48,Ativa,2/9/22 8:48,,"5855,3",10/02/2023,user_718
1,365,2/9/22 15:12,Ativa,2/9/22 15:12,,"5595,37",10/02/2023,user_719
1,365,1/2/22 14:33,Ativa,1/2/22 14:33,,"5860,57",03/01/2023,user_72
1,30,9/7/22 11:02,Cancelada,10/14/22 10:47,10/14/22 10:47,"195,9",10/8/2022,user_720
1,365,2/9/22 15:54,Ativa,2/9/22 15:54,,"239,96",10/02/2023,user_724
1,365,2/9/22 16:28,Ativa,2/9/22 16:28,,"2264,44",10/02/2023,user_726
0,30,8/24/22 16:38,Trial cancelado,8/30/22 19:01,8/30/22 19:01,"178,71",10/1/2022,user_732
1,365,2/9/22 20:21,Ativa,2/9/22 20:21,,"3729,99",10/02/2023,user_733
7,30,3/1/22 20:35,Cancelada,10/10/22 9:42,10/10/22 9:42,"201,51",10/4/2022,user_738
4,365,3/9/22 10:48,Ativa,7/6/22 7:41,,"4471,4",06/07/2023,user_739
1,365,3/16/22 16:09,Ativa,3/16/22 16:09,,"3,28",16/03/2023,user_741
1,30,7/5/22 21:02,Cancelada,8/11/22 9:49,8/11/22 9:49,"107,7",8/5/2022,user_745
1,365,3/9/22 10:55,Ativa,3/26/22 22:32,,"954,88",09/03/2023,user_748
1,365,3/9/22 18:45,Ativa,3/9/22 18:46,,"2876,31",09/03/2023,user_753
1,30,11/17/23 20:00,Ativa,11/17/23 20:00,,"146,44",12/18/2024,user_756
1,30,2/1/22 15:32,Cancelada,3/10/22 9:30,3/10/22 9:30,"209,05",3/4/2022,user_758
1,365,4/9/22 20:09,Ativa,4/9/22 20:20,,"1037,71",09/04/2023,user_759
1,30,3/8/22 21:55,Cancelada,3/30/22 18:07,3/30/22 18:07,"408,67",4/8/2022,user_761
1,365,7/6/22 18:44,Ativa,7/6/22 18:46,,"2838,86",06/07/2023,user_762
5,30,3/3/22 16:39,Cancelada,7/11/22 10:40,7/11/22 10:40,"444,53",8/5/2022,user_762
1,365,5/9/22 8:59,Ativa,5/9/22 9:03,,"4423,67",09/05/2023,user_768
1,30,1/9/22 16:51,Cancelada,1/14/22 21:26,1/14/22 21:26,"60,1",2/9/2022,user_77
1,365,3/11/22 7:19,Ativa,3/11/22 7:22,,"1062,03",11/03/2023,user_772
2,30,2/6/22 12:01,Cancelada,3/13/22 13:47,3/13/22 13:47,"141,42",4/9/2022,user_772
1,365,5/9/22 17:19,Ativa,5/11/22 9:15,,"2901,11",11/05/2023,user_773
1,365,1/2/22 16:08,Ativa,1/2/22 16:08,,"1776,84",03/01/2023,user_78
1,365,9/9/22 2:13,Ativa,9/9/22 2:13,,"5779,18",09/09/2023,user_780
1,365,9/9/22 18:58,Ativa,9/10/22 11:17,,"3196,01",09/09/2023,user_786
1,30,11/27/23 15:56,Ativa,11/27/23 15:57,,"457,49",12/28/2024,user_787
1,30,2/7/22 19:05,Cancelada,3/16/22 9:30,3/16/22 9:30,"365,87",3/10/2022,user_790
1,365,1/10/22 9:47,Ativa,1/10/22 9:47,,"4365,28",11/01/2023,user_791
2,30,3/6/22 19:25,Cancelada,4/13/22 18:49,4/13/22 18:49,"397,8",5/7/2022,user_794
2,30,2/1/22 15:03,Cancelada,4/10/22 9:50,4/10/22 9:50,"385,44",4/4/2022,user_795
1,360,1/10/22 10:16,Ativa,1/18/22 0:03,,"2690,22",10/01/2023,user_799
1,365,1/2/22 16:30,Ativa,1/2/22 16:31,,"2485,58",03/01/2023,user_80
11,30,10/1/23 11:22,Ativa,11/16/23 10:03,,"208,35",12/17/2024,user_804
5,30,7/21/22 14:05,Ativa,11/29/22 9:32,,"48,23",12/30/2022,user_805
1,365,1/10/22 16:54,Ativa,1/30/22 10:52,,"2089,15",31/01/2023,user_806
1,365,1/10/22 17:55,Ativa,1/10/22 17:56,,"5399,2",11/01/2023,user_815
1,365,1/10/22 23:13,Ativa,2/17/22 19:59,,"5882,91",11/01/2023,user_817
1,365,2/10/22 10:55,Ativa,2/10/22 10:57,,"231,34",11/02/2023,user_829
1,365,10/2/23 16:10,Ativa,2/27/23 16:23,,"4638,66",28/02/2024,user_830
1,365,3/10/22 9:45,Ativa,3/10/22 9:45,,"5418,9",10/03/2023,user_832
1,365,3/10/22 14:52,Ativa,3/10/22 14:52,,"2853,53",10/03/2023,user_836
9,30,3/10/22 15:03,Ativa,11/13/22 10:00,,"165,13",12/14/2022,user_840
1,365,3/10/22 16:21,Ativa,3/10/22 16:22,,"1364,17",10/03/2023,user_843
1,30,2/2/22 16:18,Cancelada,2/7/22 10:56,2/7/22 10:56,"261,09",3/5/2022,user_858
1,365,7/10/22 13:25,Ativa,7/10/22 13:25,,"5121,64",10/07/2023,user_859
1,30,1/8/22 13:53,Cancelada,2/14/22 9:37,2/14/22 9:37,"241,29",2/8/2022,user_866
5,30,7/10/22 17:43,Ativa,11/11/22 9:47,,"439,59",12/12/2022,user_869
1,365,1/2/22 17:08,Ativa,1/31/22 10:24,,"5575,78",03/01/2023,user_87
1,30,8/8/22 12:32,Cancelada,9/14/22 9:54,9/14/22 9:54,"367,41",9/8/2022,user_870
3,30,9/10/22 20:46,Ativa,11/11/22 10:18,,"98,63",12/12/2022,user_874
1,365,2/2/22 7:17,Ativa,2/2/22 7:18,,"1911,41",03/02/2023,user_88
1,365,1/11/22 8:54,Ativa,1/11/22 9:03,,"2954,17",12/01/2023,user_883
3,30,8/6/22 15:33,Cancelada,11/13/22 10:01,11/13/22 10:01,"106,92",11/7/2022,user_886
1,365,1/11/22 10:21,Ativa,1/11/22 10:21,,"4421,12",12/01/2023,user_890
1,360,1/11/22 17:40,Ativa,1/19/22 3:03,,"3557,28",11/01/2023,user_895
2,30,1/4/22 11:42,Cancelada,3/2/22 8:28,3/2/22 8:28,"5,03",3/7/2022,user_896
1,365,11/4/23 11:58,Ativa,4/28/23 11:39,,"2854,96",28/04/2024,user_897
1,365,4/11/22 15:46,Ativa,4/11/22 15:47,,"4252,62",11/04/2023,user_898
1,30,1/4/22 13:04,Cancelada,2/10/22 9:47,2/10/22 9:47,"439,76",2/4/2022,user_899
1,365,2/2/22 8:00,Ativa,2/2/22 8:00,,"790,79",03/02/2023,user_90
2,365,11/5/23 17:49,Ativa,6/28/23 17:08,,"3120,49",28/06/2024,user_900
2,30,1/6/22 20:32,Cancelada,2/18/22 14:43,2/18/22 14:43,"15,33",3/6/2022,user_901
2,30,6/9/22 9:19,Cancelada,8/16/22 10:08,8/16/22 10:08,"53,74",8/10/2022,user_905
1,365,7/11/22 8:35,Ativa,7/11/22 8:39,,"1462,07",11/07/2023,user_910
1,365,7/11/22 10:42,Ativa,7/11/22 10:42,,"1415,01",11/07/2023,user_912
1,30,7/7/22 10:50,Cancelada,7/17/22 17:58,7/17/22 17:58,"319,81",8/7/2022,user_914
3,30,2/4/22 12:25,Cancelada,5/8/22 10:30,5/8/22 10:30,"474,27",5/8/2022,user_915
1,365,7/11/22 12:05,Ativa,7/11/22 12:05,,"1112,09",11/07/2023,user_919
1,30,7/3/22 9:31,Cancelada,7/7/22 18:12,7/7/22 18:12,"144,7",8/3/2022,user_92
1,365,7/11/22 15:29,Ativa,7/11/22 15:30,,"776,13",11/07/2023,user_921
1,30,1/5/22 22:10,Cancelada,2/11/22 9:33,2/11/22 9:33,"235,73",2/5/2022,user_922
1,30,2/5/22 22:53,Cancelada,3/14/22 9:47,3/14/22 9:47,"34,05",3/8/2022,user_922
1,365,1/28/22 18:30,Cancelada,3/2/22 12:30,3/2/22 12:30,"5663,11",07/02/2023,user_923
4,30,2/2/22 17:27,Cancelada,6/12/22 9:38,6/12/22 9:38,175,6/6/2022,user_925
3,30,2/4/22 12:34,Cancelada,4/13/22 18:50,4/13/22 18:50,"63,65",5/8/2022,user_927
1,365,2/2/22 10:21,Ativa,2/2/22 10:22,,"1099,15",03/02/2023,user_93
1,30,1/9/22 11:01,Cancelada,2/15/22 9:32,2/15/22 9:32,"215,06",2/9/2022,user_933
2,30,2/5/22 7:34,Cancelada,4/14/22 9:40,4/14/22 9:40,"484,6",4/8/2022,user_937
1,30,1/7/22 22:32,Cancelada,1/27/22 16:30,1/27/22 16:30,"255,61",2/7/2022,user_952
5,30,7/11/22 18:27,Ativa,11/12/22 10:15,,"25,54",12/13/2022,user_954
1,30,3/5/22 11:49,Cancelada,4/11/22 9:56,4/11/22 9:56,"429,5",4/5/2022,user_956
1,30,9/12/22 11:04,Cancelada,9/19/22 16:51,9/19/22 16:51,"76,01",10/13/2022,user_957
2,30,4/5/22 13:50,Cancelada,6/2/22 18:51,6/2/22 18:51,"139,16",6/6/2022,user_960
1,30,8/8/22 0:49,Cancelada,9/14/22 10:16,9/14/22 10:16,"92,95",9/8/2022,user_961
1,30,1/9/22 17:47,Cancelada,2/11/22 13:53,2/11/22 13:53,"54,45",2/9/2022,user_963
5,30,7/11/22 22:44,Ativa,11/12/22 9:36,,"132,32",12/13/2022,user_964
1,30,1/6/22 11:01,Cancelada,2/12/22 9:45,2/12/22 9:45,"487,55",2/6/2022,user_965
1,30,2/1/22 19:38,Cancelada,3/10/22 9:43,3/10/22 9:43,"387,25",3/4/2022,user_969
1,30,1/9/22 10:21,Cancelada,2/4/22 10:21,2/4/22 10:21,"483,67",2/9/2022,user_971
1,365,8/11/22 17:21,Ativa,8/11/22 17:21,,"5166,74",11/08/2023,user_972
3,30,9/11/22 11:05,Ativa,11/12/22 9:43,,"456,64",12/13/2022,user_976
3,30,9/11/22 14:42,Ativa,11/12/22 9:37,,"377,45",12/13/2022,user_980
1,365,1/31/22 15:36,Cancelada,2/3/22 11:01,2/3/22 11:01,"1216,78",01/02/2023,user_996
2,30,10/11/22 11:13,Ativa,11/11/22 10:19,,"178,88",12/12/2022,user_998
